settlementdate,regionid,rrp,nsw_rrp,vic_rrp,price_spread,absolute_price_spread,divergence_direction,extreme_divergence_flag,active_constraint_count,max_constraint_marginal_value,congestion_signal_count,vic_nsw_flow,vic_nsw_absolute_flow,vic_nsw_congestion_signal_flag
2026-02-05 14:30:00,NSW1,20300.0,20300.0,-8.0,20308.0,20308.0,NSW1 higher than VIC1,True,24,12.12,4.0,-1266.0,1266.0,True
2026-02-05 14:30:00,VIC1,-8.0,20300.0,-8.0,20308.0,20308.0,NSW1 higher than VIC1,True,24,12.12,4.0,-1266.0,1266.0,True
2026-02-06 14:05:00,NSW1,19036.53,19036.53,13.72,19022.809999999998,19022.809999999998,NSW1 higher than VIC1,True,23,5.34,2.0,-20.0,20.0,False
2026-02-06 14:05:00,VIC1,13.72,19036.53,13.72,19022.809999999998,19022.809999999998,NSW1 higher than VIC1,True,23,5.34,2.0,-20.0,20.0,False
2026-02-05 17:55:00,VIC1,56.5,9911.42681,56.5,9854.92681,9854.92681,NSW1 higher than VIC1,True,24,4.96,2.0,-20.0,20.0,False
2026-02-05 17:55:00,NSW1,9911.42681,9911.42681,56.5,9854.92681,9854.92681,NSW1 higher than VIC1,True,24,4.96,2.0,-20.0,20.0,False
2026-02-05 18:05:00,VIC1,119.32582,9914.02372,119.32582,9794.6979,9794.6979,NSW1 higher than VIC1,True,22,20.23,2.0,-20.0,20.0,False
2026-02-05 18:05:00,NSW1,9914.02372,9914.02372,119.32582,9794.6979,9794.6979,NSW1 higher than VIC1,True,22,20.23,2.0,-20.0,20.0,False
2026-02-05 16:35:00,NSW1,9240.83,9240.83,8.95,9231.88,9231.88,NSW1 higher than VIC1,True,29,4.34,2.0,-20.0,20.0,False
2026-02-05 16:35:00,VIC1,8.95,9240.83,8.95,9231.88,9231.88,NSW1 higher than VIC1,True,29,4.34,2.0,-20.0,20.0,False
2026-02-05 14:50:00,NSW1,9199.3,9199.3,-6.76,9206.06,9206.06,NSW1 higher than VIC1,True,23,7.45,3.0,-505.9,505.9,True
2026-02-05 14:50:00,VIC1,-6.76,9199.3,-6.76,9206.06,9206.06,NSW1 higher than VIC1,True,23,7.45,3.0,-505.9,505.9,True
2026-02-06 13:35:00,VIC1,-6.70383,9199.3,-6.70383,9206.00383,9206.00383,NSW1 higher than VIC1,True,26,7.99,4.0,-966.49,966.49,True
2026-02-06 13:35:00,NSW1,9199.3,9199.3,-6.70383,9206.00383,9206.00383,NSW1 higher than VIC1,True,26,7.99,4.0,-966.49,966.49,True
2026-02-07 16:40:00,VIC1,56.5,9199.3,56.5,9142.8,9142.8,NSW1 higher than VIC1,True,21,10.41,2.0,-20.0,20.0,False
2026-02-07 16:40:00,NSW1,9199.3,9199.3,56.5,9142.8,9142.8,NSW1 higher than VIC1,True,21,10.41,2.0,-20.0,20.0,False
2026-02-05 14:40:00,VIC1,-8.0,7380.80815,-8.0,7388.80815,7388.80815,NSW1 higher than VIC1,True,24,9.19,2.0,-862.1,862.1,True
2026-02-05 14:40:00,NSW1,7380.80815,7380.80815,-8.0,7388.80815,7388.80815,NSW1 higher than VIC1,True,24,9.19,2.0,-862.1,862.1,True
2026-02-05 18:15:00,VIC1,100.0,1278.88,100.0,1178.88,1178.88,NSW1 higher than VIC1,True,21,3.96,2.0,-20.0,20.0,False
2026-02-05 18:15:00,NSW1,1278.88,1278.88,100.0,1178.88,1178.88,NSW1 higher than VIC1,True,21,3.96,2.0,-20.0,20.0,False
2026-02-05 18:25:00,VIC1,125.21596,1278.88,125.21596,1153.66404,1153.66404,NSW1 higher than VIC1,True,20,4.42341,2.0,-20.0,20.0,False
2026-02-05 18:25:00,NSW1,1278.88,1278.88,125.21596,1153.66404,1153.66404,NSW1 higher than VIC1,True,20,4.42341,2.0,-20.0,20.0,False
2026-02-06 12:55:00,NSW1,299.75,299.75,-715.10671,1014.85671,1014.85671,NSW1 higher than VIC1,True,33,3.98,3.0,-1369.01,1369.01,True
2026-02-06 12:55:00,VIC1,-715.10671,299.75,-715.10671,1014.85671,1014.85671,NSW1 higher than VIC1,True,33,3.98,3.0,-1369.01,1369.01,True
2026-02-05 15:15:00,NSW1,920.11,920.11,-7.25,927.36,927.36,NSW1 higher than VIC1,True,23,7.96,2.0,-20.0,20.0,False
2026-02-05 15:15:00,VIC1,-7.25,920.11,-7.25,927.36,927.36,NSW1 higher than VIC1,True,23,7.96,2.0,-20.0,20.0,False
2026-02-05 17:45:00,VIC1,56.5,918.89,56.5,862.39,862.39,NSW1 higher than VIC1,True,21,14.61,2.0,-20.0,20.0,False
2026-02-05 17:45:00,NSW1,918.89,918.89,56.5,862.39,862.39,NSW1 higher than VIC1,True,21,14.61,2.0,-20.0,20.0,False
2026-02-05 14:15:00,VIC1,-536.00376,299.75,-536.00376,835.75376,835.75376,NSW1 higher than VIC1,True,30,124.03234,4.0,-1572.82,1572.82,True
2026-02-05 14:15:00,NSW1,299.75,299.75,-536.00376,835.75376,835.75376,NSW1 higher than VIC1,True,30,124.03234,4.0,-1572.82,1572.82,True
2026-02-11 16:05:00,NSW1,686.87481,686.87481,9.94358,676.93123,676.93123,NSW1 higher than VIC1,True,27,4.94,1.0,-20.0,20.0,True
2026-02-11 16:05:00,VIC1,9.94358,686.87481,9.94358,676.93123,676.93123,NSW1 higher than VIC1,True,27,4.94,1.0,-20.0,20.0,True
2026-02-11 15:55:00,VIC1,17.95,680.70136,17.95,662.75136,662.75136,NSW1 higher than VIC1,True,26,9.19,3.0,-355.2,355.2,False
2026-02-11 15:55:00,NSW1,680.70136,680.70136,17.95,662.75136,662.75136,NSW1 higher than VIC1,True,26,9.19,3.0,-355.2,355.2,False
2026-02-11 16:00:00,VIC1,9.69,672.17547,9.69,662.48547,662.48547,NSW1 higher than VIC1,True,30,7.42,1.0,-222.5,222.5,False
2026-02-11 16:00:00,NSW1,672.17547,672.17547,9.69,662.48547,662.48547,NSW1 higher than VIC1,True,30,7.42,1.0,-222.5,222.5,False
2026-02-05 15:25:00,VIC1,-4.75,599.97,-4.75,604.72,604.72,NSW1 higher than VIC1,True,23,4.96,2.0,-20.0,20.0,False
2026-02-05 15:25:00,NSW1,599.97,599.97,-4.75,604.72,604.72,NSW1 higher than VIC1,True,23,4.96,2.0,-20.0,20.0,False
2026-02-05 15:50:00,NSW1,599.96,599.96,-1.1,601.0600000000001,601.0600000000001,NSW1 higher than VIC1,True,24,4.34,1.0,-20.0,20.0,False
2026-02-05 15:50:00,VIC1,-1.1,599.96,-1.1,601.0600000000001,601.0600000000001,NSW1 higher than VIC1,True,24,4.34,1.0,-20.0,20.0,False
2026-02-05 15:55:00,VIC1,0.0,599.98,0.0,599.98,599.98,NSW1 higher than VIC1,True,21,4.34,3.0,-20.0,20.0,False
2026-02-05 15:55:00,NSW1,599.98,599.98,0.0,599.98,599.98,NSW1 higher than VIC1,True,21,4.34,3.0,-20.0,20.0,False
2026-02-11 15:45:00,NSW1,600.0,600.0,4.5717,595.4283,595.4283,NSW1 higher than VIC1,True,26,4.68,2.0,-719.52,719.52,True
2026-02-11 15:45:00,VIC1,4.5717,600.0,4.5717,595.4283,595.4283,NSW1 higher than VIC1,True,26,4.68,2.0,-719.52,719.52,True
2026-02-07 15:10:00,VIC1,-3.53,588.88,-3.53,592.41,592.41,NSW1 higher than VIC1,True,19,9.62,2.0,-514.64,514.64,False
2026-02-07 15:10:00,NSW1,588.88,588.88,-3.53,592.41,592.41,NSW1 higher than VIC1,True,19,9.62,2.0,-514.64,514.64,False
2026-02-05 16:20:00,VIC1,8.95,599.99,8.95,591.04,591.04,NSW1 higher than VIC1,True,26,4.34,1.0,-20.0,20.0,False
2026-02-05 16:20:00,NSW1,599.99,599.99,8.95,591.04,591.04,NSW1 higher than VIC1,True,26,4.34,1.0,-20.0,20.0,False
2026-02-05 16:15:00,VIC1,9.51506,600.01,9.51506,590.49494,590.49494,NSW1 higher than VIC1,True,23,4.96,2.0,-20.0,20.0,False
2026-02-05 16:15:00,NSW1,600.01,600.01,9.51506,590.49494,590.49494,NSW1 higher than VIC1,True,23,4.96,2.0,-20.0,20.0,False
2026-02-05 16:30:00,NSW1,599.36,599.36,8.95,590.41,590.41,NSW1 higher than VIC1,True,27,4.34,2.0,-20.0,20.0,False
2026-02-05 16:30:00,VIC1,8.95,599.36,8.95,590.41,590.41,NSW1 higher than VIC1,True,27,4.34,2.0,-20.0,20.0,False
2026-02-05 16:00:00,NSW1,599.97,599.97,12.70583,587.26417,587.26417,NSW1 higher than VIC1,True,25,3.96,3.0,-20.0,20.0,False
2026-02-05 16:00:00,VIC1,12.70583,599.97,12.70583,587.26417,587.26417,NSW1 higher than VIC1,True,25,3.96,3.0,-20.0,20.0,False
2026-02-05 16:25:00,VIC1,19.2,600.01,19.2,580.81,580.81,NSW1 higher than VIC1,True,27,4.34,2.0,-20.0,20.0,False
2026-02-05 16:25:00,NSW1,600.01,600.01,19.2,580.81,580.81,NSW1 higher than VIC1,True,27,4.34,2.0,-20.0,20.0,False
2026-02-05 16:05:00,NSW1,600.0,600.0,19.3,580.7,580.7,NSW1 higher than VIC1,True,20,9.84,2.0,-20.0,20.0,False
2026-02-05 16:05:00,VIC1,19.3,600.0,19.3,580.7,580.7,NSW1 higher than VIC1,True,20,9.84,2.0,-20.0,20.0,False
2026-02-11 16:50:00,NSW1,635.45857,635.45857,82.64,552.81857,552.81857,NSW1 higher than VIC1,True,28,8.9,1.0,-20.0,20.0,False
2026-02-11 16:50:00,VIC1,82.64,635.45857,82.64,552.81857,552.81857,NSW1 higher than VIC1,True,28,8.9,1.0,-20.0,20.0,False
2026-02-11 16:35:00,NSW1,629.9713,629.9713,82.64,547.3313,547.3313,NSW1 higher than VIC1,True,30,35.23253,2.0,-20.0,20.0,False
2026-02-11 16:35:00,VIC1,82.64,629.9713,82.64,547.3313,547.3313,NSW1 higher than VIC1,True,30,35.23253,2.0,-20.0,20.0,False
2026-02-11 16:40:00,NSW1,643.27335,643.27335,96.67,546.6033500000001,546.6033500000001,NSW1 higher than VIC1,True,28,37.83458,3.0,-20.0,20.0,False
2026-02-11 16:40:00,VIC1,96.67,643.27335,96.67,546.6033500000001,546.6033500000001,NSW1 higher than VIC1,True,28,37.83458,3.0,-20.0,20.0,False
2026-02-11 16:45:00,NSW1,634.9964,634.9964,110.06,524.9364,524.9364,NSW1 higher than VIC1,True,25,8.9,2.0,-102.46,102.46,False
2026-02-11 16:45:00,VIC1,110.06,634.9964,110.06,524.9364,524.9364,NSW1 higher than VIC1,True,25,8.9,2.0,-102.46,102.46,False
2026-02-11 16:10:00,NSW1,558.81108,558.81108,38.69,520.1210799999999,520.1210799999999,NSW1 higher than VIC1,True,26,5.95,1.0,-20.0,20.0,False
2026-02-11 16:10:00,VIC1,38.69,558.81108,38.69,520.1210799999999,520.1210799999999,NSW1 higher than VIC1,True,26,5.95,1.0,-20.0,20.0,False
2026-02-05 14:25:00,VIC1,-38.70885,457.34258,-38.70885,496.05143,496.05143,NSW1 higher than VIC1,True,24,7.16,2.0,-1498.9,1498.9,True
2026-02-05 14:25:00,NSW1,457.34258,457.34258,-38.70885,496.05143,496.05143,NSW1 higher than VIC1,True,24,7.16,2.0,-1498.9,1498.9,True
2026-02-11 16:15:00,VIC1,41.67,535.32813,41.67,493.65812999999997,493.65812999999997,NSW1 higher than VIC1,True,24,12.16,2.0,-20.0,20.0,False
2026-02-11 16:15:00,NSW1,535.32813,535.32813,41.67,493.65812999999997,493.65812999999997,NSW1 higher than VIC1,True,24,12.16,2.0,-20.0,20.0,False
2026-02-05 14:35:00,NSW1,472.71782,472.71782,-19.99,492.70782,492.70782,NSW1 higher than VIC1,True,22,9.19,2.0,-1066.51,1066.51,True
2026-02-05 14:35:00,VIC1,-19.99,472.71782,-19.99,492.70782,492.70782,NSW1 higher than VIC1,True,22,9.19,2.0,-1066.51,1066.51,True
2026-02-11 15:50:00,NSW1,485.62038,485.62038,9.04,476.58038,476.58038,NSW1 higher than VIC1,True,24,4.95,3.0,-404.77,404.77,True
2026-02-11 15:50:00,VIC1,9.04,485.62038,9.04,476.58038,476.58038,NSW1 higher than VIC1,True,24,4.95,3.0,-404.77,404.77,True
2026-02-06 13:00:00,NSW1,299.75,299.75,-162.39923,462.14923,462.14923,NSW1 higher than VIC1,True,27,105.64,2.0,-1788.52,1788.52,True
2026-02-06 13:00:00,VIC1,-162.39923,299.75,-162.39923,462.14923,462.14923,NSW1 higher than VIC1,True,27,105.64,2.0,-1788.52,1788.52,True
2026-02-11 16:20:00,NSW1,523.78685,523.78685,73.67,450.11684999999994,450.11684999999994,NSW1 higher than VIC1,True,25,13.95,0.0,-20.0,20.0,False
2026-02-11 16:20:00,VIC1,73.67,523.78685,73.67,450.11684999999994,450.11684999999994,NSW1 higher than VIC1,True,25,13.95,0.0,-20.0,20.0,False
2026-02-11 16:25:00,VIC1,73.69,514.05842,73.69,440.36841999999996,440.36841999999996,NSW1 higher than VIC1,True,27,24.37858,2.0,-65.07,65.07,False
2026-02-11 16:25:00,NSW1,514.05842,514.05842,73.69,440.36841999999996,440.36841999999996,NSW1 higher than VIC1,True,27,24.37858,2.0,-65.07,65.07,False
2026-02-11 16:30:00,NSW1,508.45661,508.45661,73.67,434.78661,434.78661,NSW1 higher than VIC1,True,28,13.8668,2.0,-20.0,20.0,False
2026-02-11 16:30:00,VIC1,73.67,508.45661,73.67,434.78661,434.78661,NSW1 higher than VIC1,True,28,13.8668,2.0,-20.0,20.0,False
2026-02-05 14:20:00,VIC1,-91.19,323.33131,-91.19,414.52130999999997,414.52130999999997,NSW1 higher than VIC1,True,22,26.8417,2.0,-1816.44,1816.44,True
2026-02-05 14:20:00,NSW1,323.33131,323.33131,-91.19,414.52130999999997,414.52130999999997,NSW1 higher than VIC1,True,22,26.8417,2.0,-1816.44,1816.44,True
2026-02-05 14:45:00,VIC1,-6.76,397.42835,-6.76,404.18835,404.18835,NSW1 higher than VIC1,True,23,4.91,2.0,-714.82,714.82,False
2026-02-05 14:45:00,NSW1,397.42835,397.42835,-6.76,404.18835,404.18835,NSW1 higher than VIC1,True,23,4.91,2.0,-714.82,714.82,False
2026-02-11 17:15:00,VIC1,96.67,492.13999,96.67,395.46999,395.46999,NSW1 higher than VIC1,True,29,5.95,0.0,-20.0,20.0,False
2026-02-11 17:15:00,NSW1,492.13999,492.13999,96.67,395.46999,395.46999,NSW1 higher than VIC1,True,29,5.95,0.0,-20.0,20.0,False
2026-02-06 13:05:00,VIC1,-82.14802,299.75,-82.14802,381.89802,381.89802,NSW1 higher than VIC1,True,26,19.89,3.0,-1872.63,1872.63,True
2026-02-06 13:05:00,NSW1,299.75,299.75,-82.14802,381.89802,381.89802,NSW1 higher than VIC1,True,26,19.89,3.0,-1872.63,1872.63,True
2026-02-05 15:45:00,VIC1,-1.1,370.05587,-1.1,371.15587000000005,371.15587000000005,NSW1 higher than VIC1,True,26,4.96,2.0,-20.0,20.0,False
2026-02-05 15:45:00,NSW1,370.05587,370.05587,-1.1,371.15587000000005,371.15587000000005,NSW1 higher than VIC1,True,26,4.96,2.0,-20.0,20.0,False
2026-02-06 13:10:00,VIC1,-60.0,299.75,-60.0,359.75,359.75,NSW1 higher than VIC1,True,28,11.01,2.0,-1829.93,1829.93,True
2026-02-06 13:10:00,NSW1,299.75,299.75,-60.0,359.75,359.75,NSW1 higher than VIC1,True,28,11.01,2.0,-1829.93,1829.93,True
2026-02-05 17:10:00,NSW1,368.06021,368.06021,12.71,355.35021,355.35021,NSW1 higher than VIC1,True,23,4.34,2.0,-20.0,20.0,False
2026-02-05 17:10:00,VIC1,12.71,368.06021,12.71,355.35021,355.35021,NSW1 higher than VIC1,True,23,4.34,2.0,-20.0,20.0,False
2026-02-11 17:20:00,NSW1,434.91476,434.91476,82.64,352.27476,352.27476,NSW1 higher than VIC1,True,26,7.76,1.0,-20.0,20.0,False
2026-02-11 17:20:00,VIC1,82.64,434.91476,82.64,352.27476,352.27476,NSW1 higher than VIC1,True,26,7.76,1.0,-20.0,20.0,False
2026-02-11 16:55:00,VIC1,73.67,422.07139,73.67,348.40139,348.40139,NSW1 higher than VIC1,True,29,8.42,2.0,-20.0,20.0,False
2026-02-11 16:55:00,NSW1,422.07139,422.07139,73.67,348.40139,348.40139,NSW1 higher than VIC1,True,29,8.42,2.0,-20.0,20.0,False
2026-02-06 13:20:00,NSW1,299.75,299.75,-18.78403,318.53403000000003,318.53403000000003,NSW1 higher than VIC1,True,23,6.58597,4.0,-1432.51,1432.51,True
2026-02-06 13:20:00,VIC1,-18.78403,299.75,-18.78403,318.53403000000003,318.53403000000003,NSW1 higher than VIC1,True,23,6.58597,4.0,-1432.51,1432.51,True
2026-02-06 13:25:00,NSW1,299.75,299.75,-13.69,313.44,313.44,NSW1 higher than VIC1,True,20,9.58993,4.0,-1333.87,1333.87,True
2026-02-06 13:25:00,VIC1,-13.69,299.75,-13.69,313.44,313.44,NSW1 higher than VIC1,True,20,9.58993,4.0,-1333.87,1333.87,True
2026-02-06 13:30:00,VIC1,-8.0,299.75,-8.0,307.75,307.75,NSW1 higher than VIC1,True,28,5.33,3.0,-1134.12,1134.12,True
2026-02-06 13:30:00,NSW1,299.75,299.75,-8.0,307.75,307.75,NSW1 higher than VIC1,True,28,5.33,3.0,-1134.12,1134.12,True
2026-02-11 17:00:00,VIC1,96.69,403.47093,96.69,306.78093,306.78093,NSW1 higher than VIC1,True,27,5.32,0.0,-20.0,20.0,False
2026-02-11 17:00:00,NSW1,403.47093,403.47093,96.69,306.78093,306.78093,NSW1 higher than VIC1,True,27,5.32,0.0,-20.0,20.0,False
2026-02-05 14:55:00,NSW1,299.75,299.75,-6.76,306.51,306.51,NSW1 higher than VIC1,True,21,4.34,1.0,-378.1,378.1,False
2026-02-05 14:55:00,VIC1,-6.76,299.75,-6.76,306.51,306.51,NSW1 higher than VIC1,True,21,4.34,1.0,-378.1,378.1,False
2026-02-11 15:40:00,NSW1,305.45278,305.45278,1.19,304.26278,304.26278,NSW1 higher than VIC1,True,30,7.11255,3.0,-918.03,918.03,True
2026-02-11 15:40:00,VIC1,1.19,305.45278,1.19,304.26278,304.26278,NSW1 higher than VIC1,True,30,7.11255,3.0,-918.03,918.03,True
2026-02-05 15:30:00,NSW1,299.75,299.75,-3.53,303.28,303.28,NSW1 higher than VIC1,True,24,4.97,2.0,-20.0,20.0,False
2026-02-05 15:30:00,VIC1,-3.53,299.75,-3.53,303.28,303.28,NSW1 higher than VIC1,True,24,4.97,2.0,-20.0,20.0,False
2026-02-05 15:40:00,NSW1,299.75,299.75,-1.21668,300.96668,300.96668,NSW1 higher than VIC1,True,25,9.21,1.0,-20.0,20.0,False
2026-02-05 15:40:00,VIC1,-1.21668,299.75,-1.21668,300.96668,300.96668,NSW1 higher than VIC1,True,25,9.21,1.0,-20.0,20.0,False
2026-02-11 15:25:00,NSW1,299.75,299.75,-1.1,300.85,300.85,NSW1 higher than VIC1,True,27,9.19,3.0,-1348.52,1348.52,True
2026-02-11 15:25:00,VIC1,-1.1,299.75,-1.1,300.85,300.85,NSW1 higher than VIC1,True,27,9.19,3.0,-1348.52,1348.52,True
2026-02-07 14:25:00,NSW1,344.48702,344.48702,46.40728,298.07973999999996,298.07973999999996,NSW1 higher than VIC1,False,20,5.98,2.0,416.95,416.95,False
2026-02-07 14:25:00,VIC1,46.40728,344.48702,46.40728,298.07973999999996,298.07973999999996,NSW1 higher than VIC1,False,20,5.98,2.0,416.95,416.95,False
2026-02-05 16:50:00,VIC1,4.24908,299.75,4.24908,295.50092,295.50092,NSW1 higher than VIC1,False,25,4.34,3.0,-20.0,20.0,False
2026-02-05 16:50:00,NSW1,299.75,299.75,4.24908,295.50092,295.50092,NSW1 higher than VIC1,False,25,4.34,3.0,-20.0,20.0,False
2026-02-05 16:10:00,NSW1,299.75,299.75,8.94985,290.80015,290.80015,NSW1 higher than VIC1,False,22,4.34,1.0,-20.0,20.0,False
2026-02-05 16:10:00,VIC1,8.94985,299.75,8.94985,290.80015,290.80015,NSW1 higher than VIC1,False,22,4.34,1.0,-20.0,20.0,False
2026-02-05 16:55:00,VIC1,8.95,299.75,8.95,290.8,290.8,NSW1 higher than VIC1,False,23,4.34,4.0,-46.29,46.29,False
2026-02-05 16:55:00,NSW1,299.75,299.75,8.95,290.8,290.8,NSW1 higher than VIC1,False,23,4.34,4.0,-46.29,46.29,False
2026-02-05 17:20:00,NSW1,299.75,299.75,8.95052,290.79948,290.79948,NSW1 higher than VIC1,False,25,4.29,3.0,-20.0,20.0,False
2026-02-05 17:20:00,VIC1,8.95052,299.75,8.95052,290.79948,290.79948,NSW1 higher than VIC1,False,25,4.29,3.0,-20.0,20.0,False
2026-02-05 17:15:00,NSW1,299.75,299.75,10.03348,289.71652,289.71652,NSW1 higher than VIC1,False,28,3.96,2.0,-20.0,20.0,False
2026-02-05 17:15:00,VIC1,10.03348,299.75,10.03348,289.71652,289.71652,NSW1 higher than VIC1,False,28,3.96,2.0,-20.0,20.0,False
2026-02-05 17:35:00,NSW1,300.02,300.02,12.75992,287.26007999999996,287.26007999999996,NSW1 higher than VIC1,False,22,4.9,2.0,-20.0,20.0,False
2026-02-05 17:35:00,VIC1,12.75992,300.02,12.75992,287.26007999999996,287.26007999999996,NSW1 higher than VIC1,False,22,4.9,2.0,-20.0,20.0,False
2026-02-05 17:05:00,NSW1,299.82,299.82,12.71,287.11,287.11,NSW1 higher than VIC1,False,24,4.34,2.0,-20.0,20.0,False
2026-02-05 17:05:00,VIC1,12.71,299.82,12.71,287.11,287.11,NSW1 higher than VIC1,False,24,4.34,2.0,-20.0,20.0,False
2026-02-05 17:00:00,NSW1,299.75,299.75,12.71,287.04,287.04,NSW1 higher than VIC1,False,24,4.34,2.0,-39.5,39.5,False
2026-02-05 17:30:00,VIC1,12.71,299.75,12.71,287.04,287.04,NSW1 higher than VIC1,False,22,4.34,2.0,-20.0,20.0,False
2026-02-05 17:00:00,VIC1,12.71,299.75,12.71,287.04,287.04,NSW1 higher than VIC1,False,24,4.34,2.0,-39.5,39.5,False
2026-02-05 17:30:00,NSW1,299.75,299.75,12.71,287.04,287.04,NSW1 higher than VIC1,False,22,4.34,2.0,-20.0,20.0,False
2026-02-06 13:15:00,NSW1,248.88,248.88,-28.86849,277.74849,277.74849,NSW1 higher than VIC1,False,24,9.99,3.0,-1496.35,1496.35,True
2026-02-06 13:15:00,VIC1,-28.86849,248.88,-28.86849,277.74849,277.74849,NSW1 higher than VIC1,False,24,9.99,3.0,-1496.35,1496.35,True
2026-02-11 15:30:00,NSW1,262.96044,262.96044,-1.1,264.06044,264.06044,NSW1 higher than VIC1,False,24,9.19,2.0,-1309.68,1309.68,True
2026-02-11 15:30:00,VIC1,-1.1,262.96044,-1.1,264.06044,264.06044,NSW1 higher than VIC1,False,24,9.19,2.0,-1309.68,1309.68,True
2026-02-05 17:25:00,NSW1,299.75,299.75,36.0,263.75,263.75,NSW1 higher than VIC1,False,21,4.34,5.0,-37.66,37.66,False
2026-02-05 17:25:00,VIC1,36.0,299.75,36.0,263.75,263.75,NSW1 higher than VIC1,False,21,4.34,5.0,-37.66,37.66,False
2026-02-05 17:40:00,VIC1,36.0,299.54,36.0,263.54,263.54,NSW1 higher than VIC1,False,20,4.34,2.0,-20.0,20.0,False
2026-02-05 17:40:00,NSW1,299.54,299.54,36.0,263.54,263.54,NSW1 higher than VIC1,False,20,4.34,2.0,-20.0,20.0,False
2026-02-05 15:20:00,VIC1,-7.25,248.88,-7.25,256.13,256.13,NSW1 higher than VIC1,False,25,7.95,1.0,-25.39,25.39,False
2026-02-05 15:20:00,NSW1,248.88,248.88,-7.25,256.13,256.13,NSW1 higher than VIC1,False,25,7.95,1.0,-25.39,25.39,False
2026-02-05 15:35:00,NSW1,248.88,248.88,-4.75,253.63,253.63,NSW1 higher than VIC1,False,25,4.97,1.0,-20.0,20.0,False
2026-02-05 15:35:00,VIC1,-4.75,248.88,-4.75,253.63,253.63,NSW1 higher than VIC1,False,25,4.97,1.0,-20.0,20.0,False
2026-02-05 14:10:00,NSW1,249.19,249.19,-1.1,250.29,250.29,NSW1 higher than VIC1,False,27,9.15,1.0,-125.73,125.73,False
2026-02-05 14:10:00,VIC1,-1.1,249.19,-1.1,250.29,250.29,NSW1 higher than VIC1,False,27,9.15,1.0,-125.73,125.73,False
2026-02-05 14:05:00,NSW1,249.05,249.05,0.0,249.05,249.05,NSW1 higher than VIC1,False,29,9.19,1.0,-236.72,236.72,False
2026-02-05 14:05:00,VIC1,0.0,249.05,0.0,249.05,249.05,NSW1 higher than VIC1,False,29,9.19,1.0,-236.72,236.72,False
2026-02-05 17:50:00,NSW1,302.64788,302.64788,56.5,246.14788,246.14788,NSW1 higher than VIC1,False,22,4.95,3.0,-20.0,20.0,False
2026-02-05 17:50:00,VIC1,56.5,302.64788,56.5,246.14788,246.14788,NSW1 higher than VIC1,False,22,4.95,3.0,-20.0,20.0,False
2026-02-11 15:35:00,NSW1,245.34729,245.34729,0.69,244.65729,244.65729,NSW1 higher than VIC1,False,26,4.63,2.0,-1273.89,1273.89,True
2026-02-11 15:35:00,VIC1,0.69,245.34729,0.69,244.65729,244.65729,NSW1 higher than VIC1,False,26,4.63,2.0,-1273.89,1273.89,True
2026-02-07 15:55:00,NSW1,335.24238,335.24238,96.69,238.55238000000003,238.55238000000003,NSW1 higher than VIC1,False,18,5.56,2.0,-20.0,20.0,False
2026-02-07 15:55:00,VIC1,96.69,335.24238,96.69,238.55238000000003,238.55238000000003,NSW1 higher than VIC1,False,18,5.56,2.0,-20.0,20.0,False
2026-02-17 14:35:00,NSW1,-4.94113,-4.94113,229.07679,-234.01791999999998,234.01791999999998,VIC1 higher than NSW1,False,15,50.42012,3.0,275.99,275.99,False
2026-02-17 14:35:00,VIC1,229.07679,-4.94113,229.07679,-234.01791999999998,234.01791999999998,VIC1 higher than NSW1,False,15,50.42012,3.0,275.99,275.99,False
2026-02-05 13:55:00,NSW1,249.15,249.15,16.71998,232.43002,232.43002,NSW1 higher than VIC1,False,29,7.95,3.0,-365.64,365.64,False
2026-02-05 13:55:00,VIC1,16.71998,249.15,16.71998,232.43002,232.43002,NSW1 higher than VIC1,False,29,7.95,3.0,-365.64,365.64,False
2026-02-05 16:45:00,VIC1,16.21002,248.28,16.21002,232.06998,232.06998,NSW1 higher than VIC1,False,25,4.34,4.0,-20.0,20.0,False
2026-02-05 16:45:00,NSW1,248.28,248.28,16.21002,232.06998,232.06998,NSW1 higher than VIC1,False,25,4.34,4.0,-20.0,20.0,False
2026-02-05 15:10:00,NSW1,229.88876,229.88876,-1.21843,231.10719,231.10719,NSW1 higher than VIC1,False,23,4.34,3.0,-20.0,20.0,False
2026-02-05 15:10:00,VIC1,-1.21843,229.88876,-1.21843,231.10719,231.10719,NSW1 higher than VIC1,False,23,4.34,3.0,-20.0,20.0,False
2026-02-17 14:30:00,NSW1,-5.01,-5.01,223.12854,-228.13853999999998,228.13853999999998,VIC1 higher than NSW1,False,15,44.39434,5.0,366.14,366.14,False
2026-02-17 14:30:00,VIC1,223.12854,-5.01,223.12854,-228.13853999999998,228.13853999999998,VIC1 higher than NSW1,False,15,44.39434,5.0,366.14,366.14,False
2026-02-05 14:00:00,VIC1,-4.75,221.18797,-4.75,225.93797,225.93797,NSW1 higher than VIC1,False,30,19.94243,2.0,-310.12,310.12,False
2026-02-05 14:00:00,NSW1,221.18797,221.18797,-4.75,225.93797,225.93797,NSW1 higher than VIC1,False,30,19.94243,2.0,-310.12,310.12,False
2026-02-17 14:40:00,NSW1,-7.63993,-7.63993,217.74024,-225.38017,225.38017,VIC1 higher than NSW1,False,16,39.7113,4.0,502.36,502.36,True
2026-02-17 14:40:00,VIC1,217.74024,-7.63993,217.74024,-225.38017,225.38017,VIC1 higher than NSW1,False,16,39.7113,4.0,502.36,502.36,True
2026-02-05 18:00:00,NSW1,279.73282,279.73282,56.5,223.23282,223.23282,NSW1 higher than VIC1,False,19,3.96,2.0,-20.0,20.0,False
2026-02-05 18:00:00,VIC1,56.5,279.73282,56.5,223.23282,223.23282,NSW1 higher than VIC1,False,19,3.96,2.0,-20.0,20.0,False
2026-02-17 13:50:00,VIC1,216.05684,-5.48941,216.05684,-221.54625,221.54625,VIC1 higher than NSW1,False,19,5.53,3.0,581.63,581.63,True
2026-02-17 13:50:00,NSW1,-5.48941,-5.48941,216.05684,-221.54625,221.54625,VIC1 higher than NSW1,False,19,5.53,3.0,581.63,581.63,True
2026-02-17 14:05:00,VIC1,211.12487,-7.80838,211.12487,-218.93325,218.93325,VIC1 higher than NSW1,False,23,196.68251,5.0,594.61,594.61,True
2026-02-17 14:05:00,NSW1,-7.80838,-7.80838,211.12487,-218.93325,218.93325,VIC1 higher than NSW1,False,23,196.68251,5.0,594.61,594.61,True
2026-02-11 18:40:00,NSW1,300.91415,300.91415,83.45,217.46415000000002,217.46415000000002,NSW1 higher than VIC1,False,21,16.45,0.0,608.34,608.34,False
2026-02-11 18:40:00,VIC1,83.45,300.91415,83.45,217.46415000000002,217.46415000000002,NSW1 higher than VIC1,False,21,16.45,0.0,608.34,608.34,False
2026-02-17 13:20:00,VIC1,198.91829,-14.0,198.91829,-212.91829,212.91829,VIC1 higher than NSW1,False,26,162400.0,6.0,333.43,333.43,True
2026-02-17 13:20:00,NSW1,-14.0,-14.0,198.91829,-212.91829,212.91829,VIC1 higher than NSW1,False,26,162400.0,6.0,333.43,333.43,True
2026-02-17 13:35:00,VIC1,191.68243,-5.59294,191.68243,-197.27537,197.27537,VIC1 higher than NSW1,False,19,9.85,6.0,337.49,337.49,True
2026-02-17 13:35:00,NSW1,-5.59294,-5.59294,191.68243,-197.27537,197.27537,VIC1 higher than NSW1,False,19,9.85,6.0,337.49,337.49,True
2026-02-17 16:35:00,VIC1,269.77601,73.19,269.77601,-196.58601,196.58601,VIC1 higher than NSW1,False,21,20.06,3.0,273.83,273.83,True
2026-02-17 16:35:00,NSW1,73.19,73.19,269.77601,-196.58601,196.58601,VIC1 higher than NSW1,False,21,20.06,3.0,273.83,273.83,True
2026-02-17 12:25:00,VIC1,186.07735,-7.75813,186.07735,-193.83548,193.83548,VIC1 higher than NSW1,False,25,204.62806,4.0,508.04,508.04,True
2026-02-17 12:25:00,NSW1,-7.75813,-7.75813,186.07735,-193.83548,193.83548,VIC1 higher than NSW1,False,25,204.62806,4.0,508.04,508.04,True
2026-02-17 12:30:00,VIC1,185.8809,-7.81394,185.8809,-193.69484,193.69484,VIC1 higher than NSW1,False,25,201.73457,3.0,497.8,497.8,False
2026-02-17 12:30:00,NSW1,-7.81394,-7.81394,185.8809,-193.69484,193.69484,VIC1 higher than NSW1,False,25,201.73457,3.0,497.8,497.8,False
2026-02-17 13:25:00,NSW1,-9.03811,-9.03811,184.12226,-193.16037,193.16037,VIC1 higher than NSW1,False,21,34.69,4.0,493.11,493.11,False
2026-02-17 13:25:00,VIC1,184.12226,-9.03811,184.12226,-193.16037,193.16037,VIC1 higher than NSW1,False,21,34.69,4.0,493.11,493.11,False
2026-02-17 16:40:00,NSW1,72.07676,72.07676,262.52478,-190.44802000000004,190.44802000000004,VIC1 higher than NSW1,False,23,61.02868,2.0,472.02,472.02,True
2026-02-17 16:40:00,VIC1,262.52478,72.07676,262.52478,-190.44802000000004,190.44802000000004,VIC1 higher than NSW1,False,23,61.02868,2.0,472.02,472.02,True
2026-02-05 15:05:00,VIC1,-0.89253,186.6523,-0.89253,187.54483,187.54483,NSW1 higher than VIC1,False,24,4.34,2.0,-20.0,20.0,True
2026-02-05 15:05:00,NSW1,186.6523,186.6523,-0.89253,187.54483,187.54483,NSW1 higher than VIC1,False,24,4.34,2.0,-20.0,20.0,True
2026-02-27 15:00:00,VIC1,195.69,10.82504,195.69,-184.86496,184.86496,VIC1 higher than NSW1,False,18,12.2,4.0,-582.52,582.52,False
2026-02-27 15:00:00,NSW1,10.82504,10.82504,195.69,-184.86496,184.86496,VIC1 higher than NSW1,False,18,12.2,4.0,-582.52,582.52,False
2026-02-17 12:50:00,VIC1,178.57261,-4.87079,178.57261,-183.4434,183.4434,VIC1 higher than NSW1,False,27,4.63482,4.0,325.38,325.38,False
2026-02-17 12:50:00,NSW1,-4.87079,-4.87079,178.57261,-183.4434,183.4434,VIC1 higher than NSW1,False,27,4.63482,4.0,325.38,325.38,False
2026-02-11 18:55:00,VIC1,43.82079,224.64182,43.82079,180.82103,180.82103,NSW1 higher than VIC1,False,24,14.97,1.0,621.68,621.68,False
2026-02-11 18:55:00,NSW1,224.64182,224.64182,43.82079,180.82103,180.82103,NSW1 higher than VIC1,False,24,14.97,1.0,621.68,621.68,False
2026-02-11 17:05:00,NSW1,-82.96215,-82.96215,96.69,-179.65215,179.65215,VIC1 higher than NSW1,False,27,19.74,2.0,-20.0,20.0,False
2026-02-11 17:05:00,VIC1,96.69,-82.96215,96.69,-179.65215,179.65215,VIC1 higher than NSW1,False,27,19.74,2.0,-20.0,20.0,False
2026-02-17 14:45:00,NSW1,-7.49157,-7.49157,170.5,-177.99157,177.99157,VIC1 higher than NSW1,False,17,10.99,3.0,520.51,520.51,False
2026-02-17 14:45:00,VIC1,170.5,-7.49157,170.5,-177.99157,177.99157,VIC1 higher than NSW1,False,17,10.99,3.0,520.51,520.51,False
2026-02-05 13:50:00,NSW1,190.0,190.0,12.76008,177.23992,177.23992,NSW1 higher than VIC1,False,29,9.2,1.0,-321.67,321.67,False
2026-02-05 13:50:00,VIC1,12.76008,190.0,12.76008,177.23992,177.23992,NSW1 higher than VIC1,False,29,9.2,1.0,-321.67,321.67,False
2026-02-17 14:50:00,VIC1,170.5,-5.47521,170.5,-175.97521,175.97521,VIC1 higher than NSW1,False,18,7.97,5.0,687.67,687.67,True
2026-02-17 14:50:00,NSW1,-5.47521,-5.47521,170.5,-175.97521,175.97521,VIC1 higher than NSW1,False,18,7.97,5.0,687.67,687.67,True
2026-02-17 14:15:00,VIC1,170.44,-5.17,170.44,-175.60999999999999,175.60999999999999,VIC1 higher than NSW1,False,17,24.3455,3.0,401.05,401.05,False
2026-02-17 14:15:00,NSW1,-5.17,-5.17,170.44,-175.60999999999999,175.60999999999999,VIC1 higher than NSW1,False,17,24.3455,3.0,401.05,401.05,False
2026-02-17 15:05:00,NSW1,-4.75689,-4.75689,170.5,-175.25689,175.25689,VIC1 higher than NSW1,False,18,9.11,4.0,414.89,414.89,True
2026-02-17 15:05:00,VIC1,170.5,-4.75689,170.5,-175.25689,175.25689,VIC1 higher than NSW1,False,18,9.11,4.0,414.89,414.89,True
2026-02-17 15:10:00,NSW1,-3.96468,-3.96468,170.5,-174.46468,174.46468,VIC1 higher than NSW1,False,16,10.95,4.0,234.03,234.03,True
2026-02-17 15:10:00,VIC1,170.5,-3.96468,170.5,-174.46468,174.46468,VIC1 higher than NSW1,False,16,10.95,4.0,234.03,234.03,True
2026-02-06 12:50:00,VIC1,16.4,189.88,16.4,173.48,173.48,NSW1 higher than VIC1,False,30,5.34,1.0,-232.05,232.05,False
2026-02-06 12:50:00,NSW1,189.88,189.88,16.4,173.48,173.48,NSW1 higher than VIC1,False,30,5.34,1.0,-232.05,232.05,False
2026-02-11 19:00:00,VIC1,51.58118,224.59727,51.58118,173.01609000000002,173.01609000000002,NSW1 higher than VIC1,False,24,6.68,1.0,637.08,637.08,False
2026-02-11 19:00:00,NSW1,224.59727,224.59727,51.58118,173.01609000000002,173.01609000000002,NSW1 higher than VIC1,False,24,6.68,1.0,637.08,637.08,False
2026-02-12 15:50:00,VIC1,-25.0,147.51,-25.0,172.51,172.51,NSW1 higher than VIC1,False,22,4.64,1.0,-289.05,289.05,False
2026-02-12 15:50:00,NSW1,147.51,147.51,-25.0,172.51,172.51,NSW1 higher than VIC1,False,22,4.64,1.0,-289.05,289.05,False
2026-02-06 12:45:00,VIC1,19.18,189.88,19.18,170.7,170.7,NSW1 higher than VIC1,False,29,9.2,2.0,-176.73,176.73,False
2026-02-06 12:45:00,NSW1,189.88,189.88,19.18,170.7,170.7,NSW1 higher than VIC1,False,29,9.2,2.0,-176.73,176.73,False
2026-02-10 15:50:00,VIC1,30.06533,199.21715,30.06533,169.15182000000001,169.15182000000001,NSW1 higher than VIC1,False,23,10.93,1.0,-20.37,20.37,False
2026-02-10 15:50:00,NSW1,199.21715,199.21715,30.06533,169.15182000000001,169.15182000000001,NSW1 higher than VIC1,False,23,10.93,1.0,-20.37,20.37,False
2026-02-17 16:45:00,VIC1,223.44,62.28449,223.44,-161.15551,161.15551,VIC1 higher than NSW1,False,14,26.74,2.0,787.62,787.62,True
2026-02-17 16:45:00,NSW1,62.28449,62.28449,223.44,-161.15551,161.15551,VIC1 higher than NSW1,False,14,26.74,2.0,787.62,787.62,True
2026-02-06 13:40:00,VIC1,-6.49987,154.2,-6.49987,160.69986999999998,160.69986999999998,NSW1 higher than VIC1,False,28,7.99,2.0,-969.04,969.04,False
2026-02-06 13:40:00,NSW1,154.2,154.2,-6.49987,160.69986999999998,160.69986999999998,NSW1 higher than VIC1,False,28,7.99,2.0,-969.04,969.04,False
2026-02-17 14:25:00,NSW1,-7.89387,-7.89387,151.98373,-159.8776,159.8776,VIC1 higher than NSW1,False,17,7.97,5.0,444.08,444.08,True
2026-02-17 14:25:00,VIC1,151.98373,-7.89387,151.98373,-159.8776,159.8776,VIC1 higher than NSW1,False,17,7.97,5.0,444.08,444.08,True
2026-02-12 14:25:00,VIC1,-50.11,107.68,-50.11,157.79000000000002,157.79000000000002,NSW1 higher than VIC1,False,22,42.67957,1.0,-422.33,422.33,True
2026-02-12 14:25:00,NSW1,107.68,107.68,-50.11,157.79000000000002,157.79000000000002,NSW1 higher than VIC1,False,22,42.67957,1.0,-422.33,422.33,True
2026-02-16 17:30:00,NSW1,68.92023,68.92023,223.44,-154.51977,154.51977,VIC1 higher than NSW1,False,14,14.71,2.0,-400.9,400.9,False
2026-02-16 17:30:00,VIC1,223.44,68.92023,223.44,-154.51977,154.51977,VIC1 higher than NSW1,False,14,14.71,2.0,-400.9,400.9,False
2026-02-12 09:05:00,NSW1,147.51,147.51,-6.76,154.26999999999998,154.26999999999998,NSW1 higher than VIC1,False,25,4.63,1.0,-103.04,103.04,False
2026-02-12 09:05:00,VIC1,-6.76,147.51,-6.76,154.26999999999998,154.26999999999998,NSW1 higher than VIC1,False,25,4.63,1.0,-103.04,103.04,False
2026-02-06 13:45:00,NSW1,154.2,154.2,0.0,154.2,154.2,NSW1 higher than VIC1,False,29,35.23253,4.0,-574.56,574.56,True
2026-02-06 13:45:00,VIC1,0.0,154.2,0.0,154.2,154.2,NSW1 higher than VIC1,False,29,35.23253,4.0,-574.56,574.56,True
2026-02-06 13:50:00,NSW1,154.2,154.2,0.69,153.51,153.51,NSW1 higher than VIC1,False,24,9.88006,4.0,-194.05,194.05,True
2026-02-06 13:50:00,VIC1,0.69,154.2,0.69,153.51,153.51,NSW1 higher than VIC1,False,24,9.88006,4.0,-194.05,194.05,True
2026-02-06 14:10:00,VIC1,5e-05,153.01,5e-05,153.00995,153.00995,NSW1 higher than VIC1,False,23,5.34,2.0,-20.0,20.0,False
2026-02-06 14:10:00,NSW1,153.01,153.01,5e-05,153.00995,153.00995,NSW1 higher than VIC1,False,23,5.34,2.0,-20.0,20.0,False
2026-02-10 15:30:00,VIC1,0.00994,153.01,0.00994,153.00006,153.00006,NSW1 higher than VIC1,False,23,8.87,1.0,4.12,4.12,False
2026-02-10 15:30:00,NSW1,153.01,153.01,0.00994,153.00006,153.00006,NSW1 higher than VIC1,False,23,8.87,1.0,4.12,4.12,False
2026-02-12 15:30:00,VIC1,-15.5,137.26062,-15.5,152.76062,152.76062,NSW1 higher than VIC1,False,22,5.63,1.0,-20.0,20.0,False
2026-02-12 15:30:00,NSW1,137.26062,137.26062,-15.5,152.76062,152.76062,NSW1 higher than VIC1,False,22,5.63,1.0,-20.0,20.0,False
2026-02-25 09:10:00,NSW1,147.52,147.52,-5.17481,152.69481000000002,152.69481000000002,NSW1 higher than VIC1,False,20,4.56,4.0,506.6,506.6,False
2026-02-25 09:10:00,VIC1,-5.17481,147.52,-5.17481,152.69481000000002,152.69481000000002,NSW1 higher than VIC1,False,20,4.56,4.0,506.6,506.6,False
2026-02-06 14:15:00,NSW1,153.01,153.01,0.69,152.32,152.32,NSW1 higher than VIC1,False,23,5.34,1.0,-20.0,20.0,False
2026-02-06 14:15:00,VIC1,0.69,153.01,0.69,152.32,152.32,NSW1 higher than VIC1,False,23,5.34,1.0,-20.0,20.0,False
2026-02-11 18:35:00,NSW1,248.28,248.28,96.69,151.59,151.59,NSW1 higher than VIC1,False,23,5.3,1.0,563.77,563.77,False
2026-02-11 18:35:00,VIC1,96.69,248.28,96.69,151.59,151.59,NSW1 higher than VIC1,False,23,5.3,1.0,563.77,563.77,False
2026-02-05 18:20:00,NSW1,273.65546,273.65546,122.37751,151.27795,151.27795,NSW1 higher than VIC1,False,19,3.96,2.0,-62.41,62.41,False
2026-02-05 18:20:00,VIC1,122.37751,273.65546,122.37751,151.27795,151.27795,NSW1 higher than VIC1,False,19,3.96,2.0,-62.41,62.41,False
2026-02-12 15:40:00,NSW1,129.38521,129.38521,-17.57,146.95521,146.95521,NSW1 higher than VIC1,False,19,5.0339,1.0,-196.7,196.7,False
2026-02-12 15:40:00,VIC1,-17.57,129.38521,-17.57,146.95521,146.95521,NSW1 higher than VIC1,False,19,5.0339,1.0,-196.7,196.7,False
2026-02-05 13:25:00,NSW1,154.2,154.2,7.47,146.73,146.73,NSW1 higher than VIC1,False,30,7.73,1.0,-162.69,162.69,False
2026-02-05 13:25:00,VIC1,7.47,154.2,7.47,146.73,146.73,NSW1 higher than VIC1,False,30,7.73,1.0,-162.69,162.69,False
2026-02-05 18:10:00,NSW1,266.53149,266.53149,121.42417,145.10732000000002,145.10732000000002,NSW1 higher than VIC1,False,19,3.96,2.0,-20.0,20.0,False
2026-02-05 18:10:00,VIC1,121.42417,266.53149,121.42417,145.10732000000002,145.10732000000002,NSW1 higher than VIC1,False,19,3.96,2.0,-20.0,20.0,False
2026-02-06 13:55:00,VIC1,9.69,154.2,9.69,144.51,144.51,NSW1 higher than VIC1,False,25,7.97,4.0,-20.0,20.0,True
2026-02-06 13:55:00,NSW1,154.2,154.2,9.69,144.51,144.51,NSW1 higher than VIC1,False,25,7.97,4.0,-20.0,20.0,True
2026-02-06 12:40:00,VIC1,9.69,154.2,9.69,144.51,144.51,NSW1 higher than VIC1,False,29,9.2,1.0,-185.0,185.0,False
2026-02-06 12:40:00,NSW1,154.2,154.2,9.69,144.51,144.51,NSW1 higher than VIC1,False,29,9.2,1.0,-185.0,185.0,False
2026-02-06 14:30:00,NSW1,153.01,153.01,9.67,143.34,143.34,NSW1 higher than VIC1,False,26,9.23,2.0,-20.0,20.0,False
2026-02-06 14:30:00,VIC1,9.67,153.01,9.67,143.34,143.34,NSW1 higher than VIC1,False,26,9.23,2.0,-20.0,20.0,False
2026-02-10 15:25:00,NSW1,153.01,153.01,9.69,143.32,143.32,NSW1 higher than VIC1,False,22,9.15,1.0,-26.97,26.97,False
2026-02-10 15:25:00,VIC1,9.69,153.01,9.69,143.32,143.32,NSW1 higher than VIC1,False,22,9.15,1.0,-26.97,26.97,False
2026-02-06 14:20:00,NSW1,153.01,153.01,10.89,142.12,142.12,NSW1 higher than VIC1,False,26,4.98,2.0,-20.0,20.0,False
2026-02-06 14:20:00,VIC1,10.89,153.01,10.89,142.12,142.12,NSW1 higher than VIC1,False,26,4.98,2.0,-20.0,20.0,False
2026-02-16 16:05:00,NSW1,57.06012,57.06012,198.69,-141.62988,141.62988,VIC1 higher than NSW1,False,18,7.87,5.0,-754.74,754.74,False
2026-02-16 16:05:00,VIC1,198.69,57.06012,198.69,-141.62988,141.62988,VIC1 higher than NSW1,False,18,7.87,5.0,-754.74,754.74,False
2026-02-06 14:00:00,VIC1,12.71,154.2,12.71,141.48999999999998,141.48999999999998,NSW1 higher than VIC1,False,23,7.97,2.0,-20.0,20.0,False
2026-02-06 14:00:00,NSW1,154.2,154.2,12.71,141.48999999999998,141.48999999999998,NSW1 higher than VIC1,False,23,7.97,2.0,-20.0,20.0,False
2026-02-10 14:55:00,VIC1,1.51049,142.66992,1.51049,141.15943,141.15943,NSW1 higher than VIC1,False,24,5.16,2.0,-58.16,58.16,False
2026-02-10 14:55:00,NSW1,142.66992,142.66992,1.51049,141.15943,141.15943,NSW1 higher than VIC1,False,24,5.16,2.0,-58.16,58.16,False
2026-02-17 14:10:00,VIC1,132.89102,-7.27436,132.89102,-140.16538,140.16538,VIC1 higher than NSW1,False,20,9.97,2.0,558.63,558.63,False
2026-02-17 14:10:00,NSW1,-7.27436,-7.27436,132.89102,-140.16538,140.16538,VIC1 higher than NSW1,False,20,9.97,2.0,558.63,558.63,False
2026-02-11 18:10:00,VIC1,97.06831,237.11511,97.06831,140.0468,140.0468,NSW1 higher than VIC1,False,22,5.3,1.0,540.35,540.35,False
2026-02-11 18:10:00,NSW1,237.11511,237.11511,97.06831,140.0468,140.0468,NSW1 higher than VIC1,False,22,5.3,1.0,540.35,540.35,False
2026-02-10 15:10:00,VIC1,9.67,149.46542,9.67,139.79542,139.79542,NSW1 higher than VIC1,False,23,9.19,1.0,40.35,40.35,False
2026-02-10 15:10:00,NSW1,149.46542,149.46542,9.67,139.79542,139.79542,NSW1 higher than VIC1,False,23,9.19,1.0,40.35,40.35,False
2026-02-10 15:35:00,VIC1,8.95,148.05268,8.95,139.10268000000002,139.10268000000002,NSW1 higher than VIC1,False,22,5.22,1.0,-31.64,31.64,False
2026-02-10 15:35:00,NSW1,148.05268,148.05268,8.95,139.10268000000002,139.10268000000002,NSW1 higher than VIC1,False,22,5.22,1.0,-31.64,31.64,False
2026-02-27 14:40:00,VIC1,161.67,22.72013,161.67,-138.94986999999998,138.94986999999998,VIC1 higher than NSW1,False,18,6.58,1.0,-622.18,622.18,False
2026-02-27 14:40:00,NSW1,22.72013,22.72013,161.67,-138.94986999999998,138.94986999999998,VIC1 higher than NSW1,False,18,6.58,1.0,-622.18,622.18,False
2026-02-11 18:50:00,VIC1,91.0,228.70349,91.0,137.70349,137.70349,NSW1 higher than VIC1,False,21,5.3,0.0,576.52,576.52,False
2026-02-11 18:50:00,NSW1,228.70349,228.70349,91.0,137.70349,137.70349,NSW1 higher than VIC1,False,21,5.3,0.0,576.52,576.52,False
2026-02-11 18:30:00,NSW1,190.43,190.43,53.77,136.66,136.66,NSW1 higher than VIC1,False,24,5.32,0.0,529.34,529.34,False
2026-02-11 18:30:00,VIC1,53.77,190.43,53.77,136.66,136.66,NSW1 higher than VIC1,False,24,5.32,0.0,529.34,529.34,False
2026-02-18 13:25:00,NSW1,108.01,108.01,-27.67205,135.68205,135.68205,NSW1 higher than VIC1,False,22,4.54316,0.0,-384.12,384.12,False
2026-02-18 13:25:00,VIC1,-27.67205,108.01,-27.67205,135.68205,135.68205,NSW1 higher than VIC1,False,22,4.54316,0.0,-384.12,384.12,False
2026-02-10 15:40:00,VIC1,-1.1,134.30214,-1.1,135.40214,135.40214,NSW1 higher than VIC1,False,22,10.45,2.0,-42.63,42.63,False
2026-02-10 15:40:00,NSW1,134.30214,134.30214,-1.1,135.40214,135.40214,NSW1 higher than VIC1,False,22,10.45,2.0,-42.63,42.63,False
2026-02-27 15:05:00,VIC1,156.42,21.33421,156.42,-135.08578999999997,135.08578999999997,VIC1 higher than NSW1,False,19,7.99,4.0,-581.16,581.16,False
2026-02-27 15:05:00,NSW1,21.33421,21.33421,156.42,-135.08578999999997,135.08578999999997,VIC1 higher than NSW1,False,19,7.99,4.0,-581.16,581.16,False
2026-02-27 15:10:00,VIC1,156.42,21.33472,156.42,-135.08527999999998,135.08527999999998,VIC1 higher than NSW1,False,19,5.58,2.0,-578.21,578.21,False
2026-02-27 15:10:00,NSW1,21.33472,21.33472,156.42,-135.08527999999998,135.08527999999998,VIC1 higher than NSW1,False,19,5.58,2.0,-578.21,578.21,False
2026-02-06 12:35:00,NSW1,154.2,154.2,19.18,135.01999999999998,135.01999999999998,NSW1 higher than VIC1,False,26,5.34,2.0,-178.7,178.7,False
2026-02-06 12:35:00,VIC1,19.18,154.2,19.18,135.01999999999998,135.01999999999998,NSW1 higher than VIC1,False,26,5.34,2.0,-178.7,178.7,False
2026-02-27 14:20:00,NSW1,21.48035,21.48035,156.42,-134.93964999999997,134.93964999999997,VIC1 higher than NSW1,False,25,48.82203,2.0,-631.75,631.75,False
2026-02-27 14:20:00,VIC1,156.42,21.48035,156.42,-134.93964999999997,134.93964999999997,VIC1 higher than NSW1,False,25,48.82203,2.0,-631.75,631.75,False
2026-02-06 12:30:00,VIC1,20.04,154.2,20.04,134.16,134.16,NSW1 higher than VIC1,False,27,9.22,1.0,-130.46,130.46,False
2026-02-06 12:30:00,NSW1,154.2,154.2,20.04,134.16,134.16,NSW1 higher than VIC1,False,27,9.22,1.0,-130.46,130.46,False
2026-02-12 15:15:00,VIC1,-48.67,84.79,-48.67,133.46,133.46,NSW1 higher than VIC1,False,22,7.63,2.0,-20.0,20.0,False
2026-02-12 15:15:00,NSW1,84.79,84.79,-48.67,133.46,133.46,NSW1 higher than VIC1,False,22,7.63,2.0,-20.0,20.0,False
2026-02-12 15:35:00,VIC1,-25.0,107.668,-25.0,132.668,132.668,NSW1 higher than VIC1,False,20,4.63,3.0,-220.29,220.29,True
2026-02-12 15:35:00,NSW1,107.668,107.668,-25.0,132.668,132.668,NSW1 higher than VIC1,False,20,4.63,3.0,-220.29,220.29,True
2026-02-12 09:50:00,NSW1,105.79,105.79,-26.87646,132.66646,132.66646,NSW1 higher than VIC1,False,20,5.63,2.0,-213.08,213.08,False
2026-02-12 09:50:00,VIC1,-26.87646,105.79,-26.87646,132.66646,132.66646,NSW1 higher than VIC1,False,20,5.63,2.0,-213.08,213.08,False
2026-02-12 15:55:00,VIC1,-15.98408,115.65607,-15.98408,131.64015,131.64015,NSW1 higher than VIC1,False,21,4.95,1.0,-280.99,280.99,False
2026-02-12 15:55:00,NSW1,115.65607,115.65607,-15.98408,131.64015,131.64015,NSW1 higher than VIC1,False,21,4.95,1.0,-280.99,280.99,False
2026-02-28 00:40:00,VIC1,187.97592,57.06,187.97592,-130.91592,130.91592,VIC1 higher than NSW1,False,17,83.00707,1.0,-11.42,11.42,False
2026-02-28 00:40:00,NSW1,57.06,57.06,187.97592,-130.91592,130.91592,VIC1 higher than NSW1,False,17,83.00707,1.0,-11.42,11.42,False
2026-02-11 18:45:00,NSW1,249.24,249.24,118.63,130.61,130.61,NSW1 higher than VIC1,False,24,5.3,1.0,585.29,585.29,False
2026-02-11 18:45:00,VIC1,118.63,249.24,118.63,130.61,130.61,NSW1 higher than VIC1,False,24,5.3,1.0,585.29,585.29,False
2026-02-10 15:00:00,VIC1,8.95,138.42,8.95,129.47,129.47,NSW1 higher than VIC1,False,24,5.18,3.0,137.57,137.57,True
2026-02-10 15:00:00,NSW1,138.42,138.42,8.95,129.47,129.47,NSW1 higher than VIC1,False,24,5.18,3.0,137.57,137.57,True
2026-02-18 13:20:00,NSW1,108.01,108.01,-19.91797,127.92797,127.92797,NSW1 higher than VIC1,False,21,7.97,0.0,-422.28,422.28,False
2026-02-18 13:20:00,VIC1,-19.91797,108.01,-19.91797,127.92797,127.92797,NSW1 higher than VIC1,False,21,7.97,0.0,-422.28,422.28,False
2026-02-18 13:30:00,VIC1,-38.67,87.4386,-38.67,126.1086,126.1086,NSW1 higher than VIC1,False,20,4.48,1.0,-461.56,461.56,False
2026-02-18 13:30:00,NSW1,87.4386,87.4386,-38.67,126.1086,126.1086,NSW1 higher than VIC1,False,20,4.48,1.0,-461.56,461.56,False
2026-02-13 07:05:00,VIC1,5e-05,125.23069,5e-05,125.23064,125.23064,NSW1 higher than VIC1,False,18,5.88,4.0,58.24,58.24,False
2026-02-13 07:05:00,NSW1,125.23069,125.23069,5e-05,125.23064,125.23064,NSW1 higher than VIC1,False,18,5.88,4.0,58.24,58.24,False
2026-02-18 13:35:00,VIC1,-39.48,85.34265,-39.48,124.82265000000001,124.82265000000001,NSW1 higher than VIC1,False,24,6.48,1.0,-618.04,618.04,False
2026-02-18 13:35:00,NSW1,85.34265,85.34265,-39.48,124.82265000000001,124.82265000000001,NSW1 higher than VIC1,False,24,6.48,1.0,-618.04,618.04,False
2026-02-27 14:55:00,VIC1,161.67,37.89023,161.67,-123.77976999999998,123.77976999999998,VIC1 higher than NSW1,False,17,8.74,2.0,-607.91,607.91,False
2026-02-27 14:55:00,NSW1,37.89023,37.89023,161.67,-123.77976999999998,123.77976999999998,VIC1 higher than NSW1,False,17,8.74,2.0,-607.91,607.91,False
2026-02-12 10:10:00,VIC1,-15.42,108.01,-15.42,123.43,123.43,NSW1 higher than VIC1,False,22,15.97,2.0,-159.69,159.69,False
2026-02-12 10:30:00,VIC1,-15.42,108.01,-15.42,123.43,123.43,NSW1 higher than VIC1,False,20,20.08,2.0,-224.42,224.42,False
2026-02-12 10:10:00,NSW1,108.01,108.01,-15.42,123.43,123.43,NSW1 higher than VIC1,False,22,15.97,2.0,-159.69,159.69,False
2026-02-12 10:30:00,NSW1,108.01,108.01,-15.42,123.43,123.43,NSW1 higher than VIC1,False,20,20.08,2.0,-224.42,224.42,False
2026-02-05 18:45:00,NSW1,249.4251,249.4251,126.48,122.94509999999998,122.94509999999998,NSW1 higher than VIC1,False,19,7308000.0,1.0,-20.0,20.0,False
2026-02-05 18:45:00,VIC1,126.48,249.4251,126.48,122.94509999999998,122.94509999999998,NSW1 higher than VIC1,False,19,7308000.0,1.0,-20.0,20.0,False
2026-02-12 15:00:00,NSW1,107.18745,107.18745,-15.5,122.68745,122.68745,NSW1 higher than VIC1,False,22,7.37921,1.0,-20.0,20.0,False
2026-02-12 15:00:00,VIC1,-15.5,107.18745,-15.5,122.68745,122.68745,NSW1 higher than VIC1,False,22,7.37921,1.0,-20.0,20.0,False
2026-02-10 15:15:00,NSW1,131.21887,131.21887,9.69,121.52887000000001,121.52887000000001,NSW1 higher than VIC1,False,23,9.19,1.0,-12.94,12.94,False
2026-02-10 15:15:00,VIC1,9.69,131.21887,9.69,121.52887000000001,121.52887000000001,NSW1 higher than VIC1,False,23,9.19,1.0,-12.94,12.94,False
2026-02-27 14:35:00,VIC1,143.03856,22.61107,143.03856,-120.42748999999999,120.42748999999999,VIC1 higher than NSW1,False,18,4.66,2.0,-638.8,638.8,False
2026-02-27 14:35:00,NSW1,22.61107,22.61107,143.03856,-120.42748999999999,120.42748999999999,VIC1 higher than NSW1,False,18,4.66,2.0,-638.8,638.8,False
2026-02-11 18:25:00,NSW1,238.4996,238.4996,118.63,119.86959999999999,119.86959999999999,NSW1 higher than VIC1,False,21,5.3,1.0,509.89,509.89,False
2026-02-11 18:25:00,VIC1,118.63,238.4996,118.63,119.86959999999999,119.86959999999999,NSW1 higher than VIC1,False,21,5.3,1.0,509.89,509.89,False
2026-02-16 15:55:00,VIC1,167.67,47.83864,167.67,-119.83135999999999,119.83135999999999,VIC1 higher than NSW1,False,18,15.31,3.0,-763.78,763.78,False
2026-02-16 15:55:00,NSW1,47.83864,47.83864,167.67,-119.83135999999999,119.83135999999999,VIC1 higher than NSW1,False,18,15.31,3.0,-763.78,763.78,False
2026-02-16 15:50:00,VIC1,167.67,48.9,167.67,-118.76999999999998,118.76999999999998,VIC1 higher than NSW1,False,18,10.89,3.0,-752.16,752.16,False
2026-02-16 15:50:00,NSW1,48.9,48.9,167.67,-118.76999999999998,118.76999999999998,VIC1 higher than NSW1,False,18,10.89,3.0,-752.16,752.16,False
2026-02-10 15:20:00,NSW1,118.36334,118.36334,0.01,118.35333999999999,118.35333999999999,NSW1 higher than VIC1,False,21,9.18,3.0,-170.0,170.0,False
2026-02-10 15:20:00,VIC1,0.01,118.36334,0.01,118.35333999999999,118.35333999999999,NSW1 higher than VIC1,False,21,9.18,3.0,-170.0,170.0,False
2026-02-05 13:20:00,VIC1,19.18,136.88126,19.18,117.70125999999999,117.70125999999999,NSW1 higher than VIC1,False,27,9.97,1.0,-123.1,123.1,False
2026-02-05 13:20:00,NSW1,136.88126,136.88126,19.18,117.70125999999999,117.70125999999999,NSW1 higher than VIC1,False,27,9.97,1.0,-123.1,123.1,False
2026-02-01 15:15:00,VIC1,-20.37,96.91466,-20.37,117.28466,117.28466,NSW1 higher than VIC1,False,22,11.65,0.0,88.9,88.9,False
2026-02-01 15:15:00,NSW1,96.91466,96.91466,-20.37,117.28466,117.28466,NSW1 higher than VIC1,False,22,11.65,0.0,88.9,88.9,False
2026-02-12 15:45:00,NSW1,100.01,100.01,-17.05096,117.06096000000001,117.06096000000001,NSW1 higher than VIC1,False,22,5.58,1.0,-185.97,185.97,False
2026-02-12 15:45:00,VIC1,-17.05096,100.01,-17.05096,117.06096000000001,117.06096000000001,NSW1 higher than VIC1,False,22,5.58,1.0,-185.97,185.97,False
2026-02-12 08:25:00,NSW1,105.79012,105.79012,-10.91008,116.7002,116.7002,NSW1 higher than VIC1,False,19,4.95,3.0,-120.87,120.87,False
2026-02-12 08:25:00,VIC1,-10.91008,105.79012,-10.91008,116.7002,116.7002,NSW1 higher than VIC1,False,19,4.95,3.0,-120.87,120.87,False
2026-02-12 13:20:00,VIC1,-44.46,72.15399,-44.46,116.61399,116.61399,NSW1 higher than VIC1,False,22,37.09402,1.0,-214.45,214.45,False
2026-02-12 13:20:00,NSW1,72.15399,72.15399,-44.46,116.61399,116.61399,NSW1 higher than VIC1,False,22,37.09402,1.0,-214.45,214.45,False
2026-02-12 16:10:00,NSW1,109.24,109.24,-7.25,116.49,116.49,NSW1 higher than VIC1,False,24,9.2,2.0,-286.78,286.78,False
2026-02-12 16:10:00,VIC1,-7.25,109.24,-7.25,116.49,116.49,NSW1 higher than VIC1,False,24,9.2,2.0,-286.78,286.78,False
2026-02-18 13:10:00,NSW1,82.87032,82.87032,-33.58,116.45032,116.45032,NSW1 higher than VIC1,False,18,4.48,0.0,-657.89,657.89,False
2026-02-18 13:10:00,VIC1,-33.58,82.87032,-33.58,116.45032,116.45032,NSW1 higher than VIC1,False,18,4.48,0.0,-657.89,657.89,False
2026-02-12 08:15:00,NSW1,105.78992,105.78992,-10.65279,116.44270999999999,116.44270999999999,NSW1 higher than VIC1,False,19,5.63,3.0,-147.89,147.89,False
2026-02-12 08:15:00,VIC1,-10.65279,105.78992,-10.65279,116.44270999999999,116.44270999999999,NSW1 higher than VIC1,False,19,5.63,3.0,-147.89,147.89,False
2026-02-17 15:15:00,NSW1,54.56243,54.56243,170.5,-115.93757,115.93757,VIC1 higher than NSW1,False,21,8.18,5.0,20.0,20.0,True
2026-02-17 15:15:00,VIC1,170.5,54.56243,170.5,-115.93757,115.93757,VIC1 higher than NSW1,False,21,8.18,5.0,20.0,20.0,True
2026-02-18 13:40:00,VIC1,-34.1,81.56462,-34.1,115.66462000000001,115.66462000000001,NSW1 higher than VIC1,False,21,7.97,0.0,-549.79,549.79,False
2026-02-18 13:40:00,NSW1,81.56462,81.56462,-34.1,115.66462000000001,115.66462000000001,NSW1 higher than VIC1,False,21,7.97,0.0,-549.79,549.79,False
2026-02-05 19:00:00,NSW1,248.88,248.88,133.25717,115.62283,115.62283,NSW1 higher than VIC1,False,17,4.60357,2.0,7.13,7.13,False
2026-02-05 19:00:00,VIC1,133.25717,248.88,133.25717,115.62283,115.62283,NSW1 higher than VIC1,False,17,4.60357,2.0,7.13,7.13,False
2026-02-12 09:15:00,VIC1,-15.5,100.01,-15.5,115.51,115.51,NSW1 higher than VIC1,False,22,4.96,2.0,-142.97,142.97,False
2026-02-12 10:05:00,NSW1,100.01,100.01,-15.5,115.51,115.51,NSW1 higher than VIC1,False,20,11.65,2.0,-216.61,216.61,False
2026-02-12 10:05:00,VIC1,-15.5,100.01,-15.5,115.51,115.51,NSW1 higher than VIC1,False,20,11.65,2.0,-216.61,216.61,False
2026-02-12 09:15:00,NSW1,100.01,100.01,-15.5,115.51,115.51,NSW1 higher than VIC1,False,22,4.96,2.0,-142.97,142.97,False
2026-02-12 14:55:00,VIC1,-15.42,100.01,-15.42,115.43,115.43,NSW1 higher than VIC1,False,21,7.24504,1.0,-20.0,20.0,False
2026-02-12 14:55:00,NSW1,100.01,100.01,-15.42,115.43,115.43,NSW1 higher than VIC1,False,21,7.24504,1.0,-20.0,20.0,False
2026-02-12 16:20:00,VIC1,-15.42,100.01,-15.42,115.43,115.43,NSW1 higher than VIC1,False,22,10.95,1.0,-322.99,322.99,False
2026-02-12 16:20:00,NSW1,100.01,100.01,-15.42,115.43,115.43,NSW1 higher than VIC1,False,22,10.95,1.0,-322.99,322.99,False
2026-02-12 15:10:00,VIC1,-33.37727,81.92728,-33.37727,115.30455,115.30455,NSW1 higher than VIC1,False,20,26.8308,1.0,-20.0,20.0,False
2026-02-12 15:10:00,NSW1,81.92728,81.92728,-33.37727,115.30455,115.30455,NSW1 higher than VIC1,False,20,26.8308,1.0,-20.0,20.0,False
2026-02-18 17:05:00,VIC1,-7.25,108.01,-7.25,115.26,115.26,NSW1 higher than VIC1,False,18,4.59386,1.0,-340.59,340.59,True
2026-02-18 17:05:00,NSW1,108.01,108.01,-7.25,115.26,115.26,NSW1 higher than VIC1,False,18,4.59386,1.0,-340.59,340.59,True
2026-02-08 09:45:00,VIC1,-6.76,108.01,-6.76,114.77000000000001,114.77000000000001,NSW1 higher than VIC1,False,21,3.68998,2.0,498.42,498.42,False
2026-02-08 09:45:00,NSW1,108.01,108.01,-6.76,114.77000000000001,114.77000000000001,NSW1 higher than VIC1,False,21,3.68998,2.0,498.42,498.42,False
2026-02-12 08:10:00,VIC1,-14.04,100.01,-14.04,114.05000000000001,114.05000000000001,NSW1 higher than VIC1,False,20,4.63,5.0,-74.32,74.32,False
2026-02-12 08:10:00,NSW1,100.01,100.01,-14.04,114.05000000000001,114.05000000000001,NSW1 higher than VIC1,False,20,4.63,5.0,-74.32,74.32,False
2026-02-10 15:45:00,VIC1,8.95,122.82699,8.95,113.87698999999999,113.87698999999999,NSW1 higher than VIC1,False,24,8.92,1.0,34.11,34.11,False
2026-02-10 15:45:00,NSW1,122.82699,122.82699,8.95,113.87698999999999,113.87698999999999,NSW1 higher than VIC1,False,24,8.92,1.0,34.11,34.11,False
2026-02-12 08:20:00,VIC1,-7.99,105.79,-7.99,113.78,113.78,NSW1 higher than VIC1,False,21,5.63,3.0,-74.39,74.39,False
2026-02-12 08:20:00,NSW1,105.79,105.79,-7.99,113.78,113.78,NSW1 higher than VIC1,False,21,5.63,3.0,-74.39,74.39,False
2026-02-04 11:50:00,NSW1,19.6037,19.6037,132.69,-113.0863,113.0863,VIC1 higher than NSW1,False,28,162400.0,1.0,-916.68,916.68,False
2026-02-04 11:50:00,VIC1,132.69,19.6037,132.69,-113.0863,113.0863,VIC1 higher than NSW1,False,28,162400.0,1.0,-916.68,916.68,False
2026-02-13 07:10:00,VIC1,-7.25,105.79,-7.25,113.04,113.04,NSW1 higher than VIC1,False,15,5.89,3.0,-116.03,116.03,True
2026-02-13 07:10:00,NSW1,105.79,105.79,-7.25,113.04,113.04,NSW1 higher than VIC1,False,15,5.89,3.0,-116.03,116.03,True
2026-02-17 13:30:00,NSW1,-7.87801,-7.87801,105.06,-112.93801,112.93801,VIC1 higher than NSW1,False,25,162400.0,5.0,602.01,602.01,False
2026-02-17 13:30:00,VIC1,105.06,-7.87801,105.06,-112.93801,112.93801,VIC1 higher than NSW1,False,25,162400.0,5.0,602.01,602.01,False
2026-02-08 08:00:00,VIC1,-4.75,108.01,-4.75,112.76,112.76,NSW1 higher than VIC1,False,18,7.82949,4.0,295.46,295.46,True
2026-02-08 08:00:00,NSW1,108.01,108.01,-4.75,112.76,112.76,NSW1 higher than VIC1,False,18,7.82949,4.0,295.46,295.46,True
2026-02-11 18:15:00,NSW1,235.76205,235.76205,123.05594,112.70610999999998,112.70610999999998,NSW1 higher than VIC1,False,23,5.3,1.0,529.87,529.87,False
2026-02-11 18:15:00,VIC1,123.05594,235.76205,123.05594,112.70610999999998,112.70610999999998,NSW1 higher than VIC1,False,23,5.3,1.0,529.87,529.87,False
2026-02-12 10:25:00,VIC1,-4.63,108.01,-4.63,112.64,112.64,NSW1 higher than VIC1,False,23,9.85,2.0,-191.94,191.94,False
2026-02-12 10:25:00,NSW1,108.01,108.01,-4.63,112.64,112.64,NSW1 higher than VIC1,False,23,9.85,2.0,-191.94,191.94,False
2026-02-25 12:25:00,NSW1,108.01,108.01,-4.56,112.57000000000001,112.57000000000001,NSW1 higher than VIC1,False,23,4.56,1.0,58.72,58.72,False
2026-02-25 12:25:00,VIC1,-4.56,108.01,-4.56,112.57000000000001,112.57000000000001,NSW1 higher than VIC1,False,23,4.56,1.0,58.72,58.72,False
2026-02-27 14:50:00,NSW1,44.32816,44.32816,156.42,-112.09183999999999,112.09183999999999,VIC1 higher than NSW1,False,16,7.99,2.0,-585.1,585.1,False
2026-02-27 14:50:00,VIC1,156.42,44.32816,156.42,-112.09183999999999,112.09183999999999,VIC1 higher than NSW1,False,16,7.99,2.0,-585.1,585.1,False
2026-02-05 13:30:00,VIC1,12.71,124.59146,12.71,111.88146,111.88146,NSW1 higher than VIC1,False,26,9.21,1.0,-148.52,148.52,False
2026-02-05 13:30:00,NSW1,124.59146,124.59146,12.71,111.88146,111.88146,NSW1 higher than VIC1,False,26,9.21,1.0,-148.52,148.52,False
2026-02-13 09:10:00,VIC1,-5.81235,105.78995,-5.81235,111.6023,111.6023,NSW1 higher than VIC1,False,21,5.93,1.0,-153.13,153.13,False
2026-02-13 09:10:00,NSW1,105.78995,105.78995,-5.81235,111.6023,111.6023,NSW1 higher than VIC1,False,21,5.93,1.0,-153.13,153.13,False
2026-02-13 09:35:00,NSW1,103.50981,103.50981,-7.99,111.49981,111.49981,NSW1 higher than VIC1,False,23,4.93,1.0,-152.11,152.11,False
2026-02-13 09:35:00,VIC1,-7.99,103.50981,-7.99,111.49981,111.49981,NSW1 higher than VIC1,False,23,4.93,1.0,-152.11,152.11,False
2026-02-21 14:05:00,VIC1,-3.12395,108.01,-3.12395,111.13395,111.13395,NSW1 higher than VIC1,False,25,4.19,3.0,-264.16,264.16,False
2026-02-21 14:05:00,NSW1,108.01,108.01,-3.12395,111.13395,111.13395,NSW1 higher than VIC1,False,25,4.19,3.0,-264.16,264.16,False
2026-02-21 13:55:00,NSW1,106.86637,106.86637,-4.25,111.11637,111.11637,NSW1 higher than VIC1,False,27,8.37231,1.0,-188.27,188.27,False
2026-02-21 13:55:00,VIC1,-4.25,106.86637,-4.25,111.11637,111.11637,NSW1 higher than VIC1,False,27,8.37231,1.0,-188.27,188.27,False
2026-02-25 15:20:00,VIC1,-12.06,99.0,-12.06,111.06,111.06,NSW1 higher than VIC1,False,22,4.56,2.0,211.73,211.73,True
2026-02-25 15:20:00,NSW1,99.0,99.0,-12.06,111.06,111.06,NSW1 higher than VIC1,False,22,4.56,2.0,211.73,211.73,True
2026-02-16 16:15:00,VIC1,167.67,56.65805,167.67,-111.01194999999998,111.01194999999998,VIC1 higher than NSW1,False,18,10.30207,2.0,-730.52,730.52,False
2026-02-16 16:15:00,NSW1,56.65805,56.65805,167.67,-111.01194999999998,111.01194999999998,VIC1 higher than NSW1,False,18,10.30207,2.0,-730.52,730.52,False
2026-02-13 09:40:00,NSW1,102.71838,102.71838,-7.99007,110.70845,110.70845,NSW1 higher than VIC1,False,20,4.89,1.0,-149.15,149.15,False
2026-02-13 09:40:00,VIC1,-7.99007,102.71838,-7.99007,110.70845,110.70845,NSW1 higher than VIC1,False,20,4.89,1.0,-149.15,149.15,False
2026-02-01 15:45:00,NSW1,68.93961,68.93961,-41.75457,110.69418,110.69418,NSW1 higher than VIC1,False,20,10.47,2.0,29.16,29.16,False
2026-02-01 15:45:00,VIC1,-41.75457,68.93961,-41.75457,110.69418,110.69418,NSW1 higher than VIC1,False,20,10.47,2.0,29.16,29.16,False
2026-02-13 10:35:00,NSW1,102.6235,102.6235,-8.05906,110.68256000000001,110.68256000000001,NSW1 higher than VIC1,False,21,4.93,1.0,-186.42,186.42,False
2026-02-13 10:35:00,VIC1,-8.05906,102.6235,-8.05906,110.68256000000001,110.68256000000001,NSW1 higher than VIC1,False,21,4.93,1.0,-186.42,186.42,False
2026-02-12 09:10:00,NSW1,103.81572,103.81572,-6.76,110.57572,110.57572,NSW1 higher than VIC1,False,21,5.63,2.0,-87.19,87.19,False
2026-02-12 09:10:00,VIC1,-6.76,103.81572,-6.76,110.57572,110.57572,NSW1 higher than VIC1,False,21,5.63,2.0,-87.19,87.19,False
2026-02-01 15:35:00,VIC1,-27.53,83.0265,-27.53,110.5565,110.5565,NSW1 higher than VIC1,False,19,10.47,1.0,68.02,68.02,False
2026-02-01 15:35:00,NSW1,83.0265,83.0265,-27.53,110.5565,110.5565,NSW1 higher than VIC1,False,19,10.47,1.0,68.02,68.02,False
2026-02-12 09:35:00,VIC1,-37.0578,73.47579,-37.0578,110.53359,110.53359,NSW1 higher than VIC1,False,19,11.8822,2.0,-199.71,199.71,False
2026-02-12 09:35:00,NSW1,73.47579,73.47579,-37.0578,110.53359,110.53359,NSW1 higher than VIC1,False,19,11.8822,2.0,-199.71,199.71,False
2026-02-27 23:55:00,NSW1,56.98,56.98,167.47846,-110.49846000000002,110.49846000000002,VIC1 higher than NSW1,False,11,10.24669,2.0,-125.49,125.49,False
2026-02-27 23:55:00,VIC1,167.47846,56.98,167.47846,-110.49846000000002,110.49846000000002,VIC1 higher than NSW1,False,11,10.24669,2.0,-125.49,125.49,False
2026-02-08 07:45:00,NSW1,105.78995,105.78995,-4.63,110.41995,110.41995,NSW1 higher than VIC1,False,19,3.96,4.0,554.14,554.14,True
2026-02-08 07:45:00,VIC1,-4.63,105.78995,-4.63,110.41995,110.41995,NSW1 higher than VIC1,False,19,3.96,4.0,554.14,554.14,True
2026-02-12 10:20:00,NSW1,105.38385,105.38385,-5.0,110.38385,110.38385,NSW1 higher than VIC1,False,21,7.97,2.0,-209.11,209.11,False
2026-02-12 10:20:00,VIC1,-5.0,105.38385,-5.0,110.38385,110.38385,NSW1 higher than VIC1,False,21,7.97,2.0,-209.11,209.11,False
2026-02-23 09:20:00,NSW1,105.79,105.79,-4.56,110.35000000000001,110.35000000000001,NSW1 higher than VIC1,False,18,3.68,2.0,-44.96,44.96,True
2026-02-23 09:20:00,VIC1,-4.56,105.79,-4.56,110.35000000000001,110.35000000000001,NSW1 higher than VIC1,False,18,3.68,2.0,-44.96,44.96,True
2026-02-17 13:05:00,VIC1,-110.31,0.0,-110.31,110.31,110.31,NSW1 higher than VIC1,False,22,4.66,6.0,234.14,234.14,True
2026-02-17 13:05:00,NSW1,0.0,0.0,-110.31,110.31,110.31,NSW1 higher than VIC1,False,22,4.66,6.0,234.14,234.14,True
2026-02-25 12:30:00,NSW1,105.79,105.79,-4.45,110.24000000000001,110.24000000000001,NSW1 higher than VIC1,False,24,4.56,0.0,72.86,72.86,False
2026-02-25 12:30:00,VIC1,-4.45,105.79,-4.45,110.24000000000001,110.24000000000001,NSW1 higher than VIC1,False,24,4.56,0.0,72.86,72.86,False
2026-02-12 10:15:00,VIC1,-6.76,103.3492,-6.76,110.1092,110.1092,NSW1 higher than VIC1,False,19,9.85,1.0,-225.97,225.97,False
2026-02-12 10:15:00,NSW1,103.3492,103.3492,-6.76,110.1092,110.1092,NSW1 higher than VIC1,False,19,9.85,1.0,-225.97,225.97,False
2026-02-07 16:05:00,VIC1,90.0,199.99,90.0,109.99000000000001,109.99000000000001,NSW1 higher than VIC1,False,22,7308000.0,2.0,-20.0,20.0,False
2026-02-07 16:05:00,NSW1,199.99,199.99,90.0,109.99000000000001,109.99000000000001,NSW1 higher than VIC1,False,22,7308000.0,2.0,-20.0,20.0,False
2026-02-18 12:55:00,VIC1,-27.53,82.44441,-27.53,109.97441,109.97441,NSW1 higher than VIC1,False,20,7.77363,0.0,-534.13,534.13,False
2026-02-18 12:55:00,NSW1,82.44441,82.44441,-27.53,109.97441,109.97441,NSW1 higher than VIC1,False,20,7.77363,0.0,-534.13,534.13,False
2026-02-17 14:00:00,NSW1,-5.75431,-5.75431,104.03,-109.78431,109.78431,VIC1 higher than NSW1,False,24,8.64829,2.0,304.27,304.27,False
2026-02-17 14:00:00,VIC1,104.03,-5.75431,104.03,-109.78431,109.78431,VIC1 higher than NSW1,False,24,8.64829,2.0,304.27,304.27,False
2026-02-10 14:50:00,VIC1,0.01,109.78929,0.01,109.77928999999999,109.77928999999999,NSW1 higher than VIC1,False,25,9.18,1.0,-114.26,114.26,False
2026-02-10 14:50:00,NSW1,109.78929,109.78929,0.01,109.77928999999999,109.77928999999999,NSW1 higher than VIC1,False,25,9.18,1.0,-114.26,114.26,False
2026-02-13 09:00:00,NSW1,102.21265,102.21265,-7.45857,109.67121999999999,109.67121999999999,NSW1 higher than VIC1,False,22,7.47,2.0,-233.85,233.85,False
2026-02-13 09:00:00,VIC1,-7.45857,102.21265,-7.45857,109.67121999999999,109.67121999999999,NSW1 higher than VIC1,False,22,7.47,2.0,-233.85,233.85,False
2026-02-12 14:10:00,NSW1,59.53007,59.53007,-50.11,109.64007000000001,109.64007000000001,NSW1 higher than VIC1,False,22,4.63,0.0,-293.09,293.09,False
2026-02-12 14:10:00,VIC1,-50.11,59.53007,-50.11,109.64007000000001,109.64007000000001,NSW1 higher than VIC1,False,22,4.63,0.0,-293.09,293.09,False
2026-02-17 13:55:00,VIC1,104.03,-5.57465,104.03,-109.60465,109.60465,VIC1 higher than NSW1,False,24,61.62506,5.0,318.11,318.11,True
2026-02-17 13:55:00,NSW1,-5.57465,-5.57465,104.03,-109.60465,109.60465,VIC1 higher than NSW1,False,24,61.62506,5.0,318.11,318.11,True
2026-02-12 07:45:00,VIC1,-9.45359,100.01,-9.45359,109.46359000000001,109.46359000000001,NSW1 higher than VIC1,False,18,8.92,6.0,70.39,70.39,True
2026-02-12 07:45:00,NSW1,100.01,100.01,-9.45359,109.46359000000001,109.46359000000001,NSW1 higher than VIC1,False,18,8.92,6.0,70.39,70.39,True
2026-02-05 15:00:00,VIC1,-1.2153,107.99,-1.2153,109.2053,109.2053,NSW1 higher than VIC1,False,22,4.95,0.0,-290.57,290.57,False
2026-02-05 15:00:00,NSW1,107.99,107.99,-1.2153,109.2053,109.2053,NSW1 higher than VIC1,False,22,4.95,0.0,-290.57,290.57,False
2026-02-08 14:05:00,NSW1,108.01,108.01,-1.1,109.11,109.11,NSW1 higher than VIC1,False,18,9.91,4.0,89.14,89.14,True
2026-02-08 14:05:00,VIC1,-1.1,108.01,-1.1,109.11,109.11,NSW1 higher than VIC1,False,18,9.91,4.0,89.14,89.14,True
2026-02-19 15:40:00,NSW1,101.78887,101.78887,-7.25,109.03887,109.03887,NSW1 higher than VIC1,False,27,9.87,0.0,-317.68,317.68,False
2026-02-19 15:40:00,VIC1,-7.25,101.78887,-7.25,109.03887,109.03887,NSW1 higher than VIC1,False,27,9.87,0.0,-317.68,317.68,False
2026-02-10 14:45:00,NSW1,108.89,108.89,0.00011,108.88989,108.88989,NSW1 higher than VIC1,False,23,4.36,1.0,-177.02,177.02,False
2026-02-10 14:45:00,VIC1,0.00011,108.89,0.00011,108.88989,108.88989,NSW1 higher than VIC1,False,23,4.36,1.0,-177.02,177.02,False
2026-02-17 12:40:00,VIC1,104.03,-4.84578,104.03,-108.87578,108.87578,VIC1 higher than NSW1,False,29,162400.0,5.0,701.81,701.81,True
2026-02-17 12:40:00,NSW1,-4.84578,-4.84578,104.03,-108.87578,108.87578,VIC1 higher than NSW1,False,29,162400.0,5.0,701.81,701.81,True
2026-02-17 12:35:00,VIC1,104.03,-4.79617,104.03,-108.82617,108.82617,VIC1 higher than NSW1,False,27,31.2079,6.0,905.59,905.59,True
2026-02-17 12:35:00,NSW1,-4.79617,-4.79617,104.03,-108.82617,108.82617,VIC1 higher than NSW1,False,27,31.2079,6.0,905.59,905.59,True
2026-02-11 15:20:00,NSW1,182.41458,182.41458,73.67,108.74458,108.74458,NSW1 higher than VIC1,False,27,13.95,2.0,-384.03,384.03,True
2026-02-11 15:20:00,VIC1,73.67,182.41458,73.67,108.74458,108.74458,NSW1 higher than VIC1,False,27,13.95,2.0,-384.03,384.03,True
2026-02-12 10:00:00,NSW1,93.25158,93.25158,-15.42,108.67158,108.67158,NSW1 higher than VIC1,False,21,20.08,1.0,-254.64,254.64,False
2026-02-12 10:00:00,VIC1,-15.42,93.25158,-15.42,108.67158,108.67158,NSW1 higher than VIC1,False,21,20.08,1.0,-254.64,254.64,False
2026-02-12 16:15:00,NSW1,100.01,100.01,-8.65105,108.66105,108.66105,NSW1 higher than VIC1,False,26,4.63,0.0,-307.04,307.04,False
2026-02-12 16:15:00,VIC1,-8.65105,100.01,-8.65105,108.66105,108.66105,NSW1 higher than VIC1,False,26,4.63,0.0,-307.04,307.04,False
2026-02-12 10:35:00,NSW1,93.03734,93.03734,-15.5,108.53734,108.53734,NSW1 higher than VIC1,False,21,20.08,1.0,-273.82,273.82,False
2026-02-12 10:35:00,VIC1,-15.5,93.03734,-15.5,108.53734,108.53734,NSW1 higher than VIC1,False,21,20.08,1.0,-273.82,273.82,False
2026-02-12 09:25:00,NSW1,92.87993,92.87993,-15.5,108.37993,108.37993,NSW1 higher than VIC1,False,21,5.95,2.0,-232.27,232.27,False
2026-02-12 09:25:00,VIC1,-15.5,92.87993,-15.5,108.37993,108.37993,NSW1 higher than VIC1,False,21,5.95,2.0,-232.27,232.27,False
2026-02-13 09:05:00,NSW1,101.59942,101.59942,-6.76,108.35942,108.35942,NSW1 higher than VIC1,False,21,5.93,1.0,-225.5,225.5,False
2026-02-13 09:05:00,VIC1,-6.76,101.59942,-6.76,108.35942,108.35942,NSW1 higher than VIC1,False,21,5.93,1.0,-225.5,225.5,False
2026-02-05 06:40:00,NSW1,73.2001,73.2001,181.44706,-108.24695999999999,108.24695999999999,VIC1 higher than NSW1,False,11,10.23648,3.0,-114.25,114.25,False
2026-02-05 06:40:00,VIC1,181.44706,73.2001,181.44706,-108.24695999999999,108.24695999999999,VIC1 higher than NSW1,False,11,10.23648,3.0,-114.25,114.25,False
2026-02-12 14:20:00,NSW1,83.04265,83.04265,-25.0,108.04265,108.04265,NSW1 higher than VIC1,False,24,100.04,2.0,-60.13,60.13,True
2026-02-12 14:20:00,VIC1,-25.0,83.04265,-25.0,108.04265,108.04265,NSW1 higher than VIC1,False,24,100.04,2.0,-60.13,60.13,True
2026-02-13 08:20:00,NSW1,100.01,100.01,-7.99,108.0,108.0,NSW1 higher than VIC1,False,26,5.93,3.0,-403.78,403.78,False
2026-02-13 08:20:00,VIC1,-7.99,100.01,-7.99,108.0,108.0,NSW1 higher than VIC1,False,26,5.93,3.0,-403.78,403.78,False
2026-02-07 15:15:00,NSW1,106.84,106.84,-1.1,107.94,107.94,NSW1 higher than VIC1,False,19,9.36,1.0,-425.94,425.94,False
2026-02-07 15:05:00,VIC1,-1.1,106.84,-1.1,107.94,107.94,NSW1 higher than VIC1,False,19,5.37684,2.0,-671.22,671.22,False
2026-02-07 14:55:00,NSW1,106.84,106.84,-1.1,107.94,107.94,NSW1 higher than VIC1,False,18,9.23,2.0,-552.26,552.26,False
2026-02-07 15:00:00,VIC1,-1.1,106.84,-1.1,107.94,107.94,NSW1 higher than VIC1,False,16,9.23,1.0,-639.04,639.04,False
2026-02-07 15:15:00,VIC1,-1.1,106.84,-1.1,107.94,107.94,NSW1 higher than VIC1,False,19,9.36,1.0,-425.94,425.94,False
2026-02-07 15:00:00,NSW1,106.84,106.84,-1.1,107.94,107.94,NSW1 higher than VIC1,False,16,9.23,1.0,-639.04,639.04,False
2026-02-07 14:55:00,VIC1,-1.1,106.84,-1.1,107.94,107.94,NSW1 higher than VIC1,False,18,9.23,2.0,-552.26,552.26,False
2026-02-07 15:05:00,NSW1,106.84,106.84,-1.1,107.94,107.94,NSW1 higher than VIC1,False,19,5.37684,2.0,-671.22,671.22,False
2026-02-01 18:30:00,NSW1,100.3,100.3,-7.58651,107.88651,107.88651,NSW1 higher than VIC1,False,21,5.61,1.0,935.31,935.31,False
2026-02-01 18:30:00,VIC1,-7.58651,100.3,-7.58651,107.88651,107.88651,NSW1 higher than VIC1,False,21,5.61,1.0,935.31,935.31,False
2026-02-04 15:00:00,NSW1,54.92651,54.92651,162.80452,-107.87800999999999,107.87800999999999,VIC1 higher than NSW1,False,27,11.97,1.0,-702.52,702.52,False
2026-02-04 15:00:00,VIC1,162.80452,54.92651,162.80452,-107.87800999999999,107.87800999999999,VIC1 higher than NSW1,False,27,11.97,1.0,-702.52,702.52,False
2026-02-10 13:00:00,VIC1,0.69,108.36338,0.69,107.67338000000001,107.67338000000001,NSW1 higher than VIC1,False,26,9.2,0.0,-0.49,0.49,False
2026-02-10 13:00:00,NSW1,108.36338,108.36338,0.69,107.67338000000001,107.67338000000001,NSW1 higher than VIC1,False,26,9.2,0.0,-0.49,0.49,False
2026-02-13 08:50:00,VIC1,-6.76,100.82085,-6.76,107.58085,107.58085,NSW1 higher than VIC1,False,24,4.91,1.0,-214.77,214.77,False
2026-02-13 08:50:00,NSW1,100.82085,100.82085,-6.76,107.58085,107.58085,NSW1 higher than VIC1,False,24,4.91,1.0,-214.77,214.77,False
2026-02-13 08:45:00,VIC1,-7.25,100.01,-7.25,107.26,107.26,NSW1 higher than VIC1,False,24,7.47,1.0,-222.42,222.42,False
2026-02-13 08:45:00,NSW1,100.01,100.01,-7.25,107.26,107.26,NSW1 higher than VIC1,False,24,7.47,1.0,-222.42,222.42,False
2026-02-18 15:05:00,NSW1,80.06309,80.06309,-27.16185,107.22494,107.22494,NSW1 higher than VIC1,False,22,5.51,0.0,-313.44,313.44,False
2026-02-18 15:05:00,VIC1,-27.16185,80.06309,-27.16185,107.22494,107.22494,NSW1 higher than VIC1,False,22,5.51,0.0,-313.44,313.44,False
2026-02-18 15:10:00,NSW1,79.17864,79.17864,-27.81768,106.99632,106.99632,NSW1 higher than VIC1,False,20,5.48,0.0,-326.1,326.1,False
2026-02-18 15:10:00,VIC1,-27.81768,79.17864,-27.81768,106.99632,106.99632,NSW1 higher than VIC1,False,20,5.48,0.0,-326.1,326.1,False
2026-02-08 09:40:00,NSW1,105.79,105.79,-1.1,106.89,106.89,NSW1 higher than VIC1,False,17,3.98,2.0,631.82,631.82,False
2026-02-08 09:40:00,VIC1,-1.1,105.79,-1.1,106.89,106.89,NSW1 higher than VIC1,False,17,3.98,2.0,631.82,631.82,False
2026-02-07 14:50:00,NSW1,106.84,106.84,0.0,106.84,106.84,NSW1 higher than VIC1,False,17,4.61316,1.0,-566.62,566.62,False
2026-02-07 14:50:00,VIC1,0.0,106.84,0.0,106.84,106.84,NSW1 higher than VIC1,False,17,4.61316,1.0,-566.62,566.62,False
2026-02-18 16:00:00,NSW1,100.01,100.01,-6.76,106.77000000000001,106.77000000000001,NSW1 higher than VIC1,False,26,7.48,0.0,-20.0,20.0,False
2026-02-18 16:00:00,VIC1,-6.76,100.01,-6.76,106.77000000000001,106.77000000000001,NSW1 higher than VIC1,False,26,7.48,0.0,-20.0,20.0,False
2026-02-13 08:40:00,VIC1,-6.5,100.01,-6.5,106.51,106.51,NSW1 higher than VIC1,False,24,5.94,2.0,-138.32,138.32,False
2026-02-13 08:40:00,NSW1,100.01,100.01,-6.5,106.51,106.51,NSW1 higher than VIC1,False,24,5.94,2.0,-138.32,138.32,False
2026-02-12 10:55:00,VIC1,-28.00462,78.50486,-28.00462,106.50948,106.50948,NSW1 higher than VIC1,False,22,4.91,2.0,-367.3,367.3,True
2026-02-12 10:55:00,NSW1,78.50486,78.50486,-28.00462,106.50948,106.50948,NSW1 higher than VIC1,False,22,4.91,2.0,-367.3,367.3,True
2026-02-12 15:05:00,NSW1,85.99106,85.99106,-20.37,106.36106000000001,106.36106000000001,NSW1 higher than VIC1,False,22,4.63,1.0,-20.0,20.0,False
2026-02-12 15:05:00,VIC1,-20.37,85.99106,-20.37,106.36106000000001,106.36106000000001,NSW1 higher than VIC1,False,22,4.63,1.0,-20.0,20.0,False
2026-02-07 14:45:00,VIC1,0.52,106.84,0.52,106.32000000000001,106.32000000000001,NSW1 higher than VIC1,False,17,4.55,0.0,-569.31,569.31,False
2026-02-07 14:45:00,NSW1,106.84,106.84,0.52,106.32000000000001,106.32000000000001,NSW1 higher than VIC1,False,17,4.55,0.0,-569.31,569.31,False
2026-02-12 09:55:00,VIC1,-33.58,72.04682,-33.58,105.62682,105.62682,NSW1 higher than VIC1,False,20,10.95,2.0,-288.87,288.87,False
2026-02-12 09:55:00,NSW1,72.04682,72.04682,-33.58,105.62682,105.62682,NSW1 higher than VIC1,False,20,10.95,2.0,-288.87,288.87,False
2026-02-16 16:25:00,NSW1,56.98,56.98,162.37,-105.39000000000001,105.39000000000001,VIC1 higher than NSW1,False,19,5.79,4.0,-658.06,658.06,False
2026-02-16 16:25:00,VIC1,162.37,56.98,162.37,-105.39000000000001,105.39000000000001,VIC1 higher than NSW1,False,19,5.79,4.0,-658.06,658.06,False
2026-02-28 14:40:00,NSW1,-5.40302,-5.40302,99.97,-105.37302,105.37302,VIC1 higher than NSW1,False,22,18.4,1.0,-472.18,472.18,False
2026-02-28 14:40:00,VIC1,99.97,-5.40302,99.97,-105.37302,105.37302,VIC1 higher than NSW1,False,22,18.4,1.0,-472.18,472.18,False
2026-02-16 16:55:00,VIC1,162.29,56.98,162.29,-105.31,105.31,VIC1 higher than NSW1,False,18,6.23,1.0,-573.78,573.78,False
2026-02-16 16:55:00,NSW1,56.98,56.98,162.29,-105.31,105.31,VIC1 higher than NSW1,False,18,6.23,1.0,-573.78,573.78,False
2026-02-01 13:30:00,NSW1,55.33654,55.33654,-49.84,105.17654,105.17654,NSW1 higher than VIC1,False,15,3.38,2.0,160.56,160.56,False
2026-02-01 13:30:00,VIC1,-49.84,55.33654,-49.84,105.17654,105.17654,NSW1 higher than VIC1,False,15,3.38,2.0,160.56,160.56,False
2026-02-21 14:10:00,NSW1,100.01,100.01,-5.07835,105.08835,105.08835,NSW1 higher than VIC1,False,28,13.01269,2.0,-327.24,327.24,False
2026-02-21 14:10:00,VIC1,-5.07835,100.01,-5.07835,105.08835,105.08835,NSW1 higher than VIC1,False,28,13.01269,2.0,-327.24,327.24,False
2026-02-01 18:00:00,VIC1,-8.99529,96.01278,-8.99529,105.00807,105.00807,NSW1 higher than VIC1,False,19,18.28727,0.0,512.29,512.29,False
2026-02-01 18:00:00,NSW1,96.01278,96.01278,-8.99529,105.00807,105.00807,NSW1 higher than VIC1,False,19,18.28727,0.0,512.29,512.29,False
2026-02-12 14:30:00,VIC1,-37.55961,67.31066,-37.55961,104.87027,104.87027,NSW1 higher than VIC1,False,22,30.02358,2.0,-168.92,168.92,True
2026-02-12 14:30:00,NSW1,67.31066,67.31066,-37.55961,104.87027,104.87027,NSW1 higher than VIC1,False,22,30.02358,2.0,-168.92,168.92,True
2026-02-13 07:15:00,VIC1,-4.75,100.01,-4.75,104.76,104.76,NSW1 higher than VIC1,False,16,5.88,3.0,-128.93,128.93,False
2026-02-19 15:55:00,VIC1,-4.75,100.01,-4.75,104.76,104.76,NSW1 higher than VIC1,False,24,4.55579,1.0,-274.99,274.99,False
2026-02-19 15:55:00,NSW1,100.01,100.01,-4.75,104.76,104.76,NSW1 higher than VIC1,False,24,4.55579,1.0,-274.99,274.99,False
2026-02-21 14:00:00,NSW1,100.01,100.01,-4.75,104.76,104.76,NSW1 higher than VIC1,False,26,4.63964,3.0,-188.91,188.91,False
2026-02-21 14:00:00,VIC1,-4.75,100.01,-4.75,104.76,104.76,NSW1 higher than VIC1,False,26,4.63964,3.0,-188.91,188.91,False
2026-02-13 07:15:00,NSW1,100.01,100.01,-4.75,104.76,104.76,NSW1 higher than VIC1,False,16,5.88,3.0,-128.93,128.93,False
2026-02-18 17:20:00,VIC1,-4.63,100.01,-4.63,104.64,104.64,NSW1 higher than VIC1,False,20,4.59386,0.0,-267.79,267.79,False
2026-02-18 17:20:00,NSW1,100.01,100.01,-4.63,104.64,104.64,NSW1 higher than VIC1,False,20,4.59386,0.0,-267.79,267.79,False
2026-02-13 07:20:00,NSW1,100.01,100.01,-4.63,104.64,104.64,NSW1 higher than VIC1,False,16,5.89,2.0,-191.41,191.41,False
2026-02-08 07:50:00,VIC1,-4.63,100.01,-4.63,104.64,104.64,NSW1 higher than VIC1,False,17,5.39,2.0,492.74,492.74,False
2026-02-13 07:20:00,VIC1,-4.63,100.01,-4.63,104.64,104.64,NSW1 higher than VIC1,False,16,5.89,2.0,-191.41,191.41,False
2026-02-08 07:50:00,NSW1,100.01,100.01,-4.63,104.64,104.64,NSW1 higher than VIC1,False,17,5.39,2.0,492.74,492.74,False
2026-02-18 17:10:00,VIC1,-4.45,100.01,-4.45,104.46000000000001,104.46000000000001,NSW1 higher than VIC1,False,23,4.21386,1.0,-229.26,229.26,False
2026-02-18 17:15:00,VIC1,-4.45,100.01,-4.45,104.46000000000001,104.46000000000001,NSW1 higher than VIC1,False,18,4.59386,0.0,-264.42,264.42,False
2026-02-18 17:10:00,NSW1,100.01,100.01,-4.45,104.46000000000001,104.46000000000001,NSW1 higher than VIC1,False,23,4.21386,1.0,-229.26,229.26,False
2026-02-18 17:15:00,NSW1,100.01,100.01,-4.45,104.46000000000001,104.46000000000001,NSW1 higher than VIC1,False,18,4.59386,0.0,-264.42,264.42,False
2026-02-01 15:40:00,NSW1,70.78049,70.78049,-33.58,104.36049,104.36049,NSW1 higher than VIC1,False,19,9.85,3.0,63.55,63.55,False
2026-02-01 15:40:00,VIC1,-33.58,70.78049,-33.58,104.36049,104.36049,NSW1 higher than VIC1,False,19,9.85,3.0,63.55,63.55,False
2026-02-23 09:45:00,NSW1,100.01,100.01,-4.26,104.27000000000001,104.27000000000001,NSW1 higher than VIC1,False,23,4.39,3.0,-196.87,196.87,True
2026-02-19 16:00:00,VIC1,-4.26,100.01,-4.26,104.27000000000001,104.27000000000001,NSW1 higher than VIC1,False,26,5.98,1.0,-206.37,206.37,False
2026-02-23 09:45:00,VIC1,-4.26,100.01,-4.26,104.27000000000001,104.27000000000001,NSW1 higher than VIC1,False,23,4.39,3.0,-196.87,196.87,True
2026-02-19 16:00:00,NSW1,100.01,100.01,-4.26,104.27000000000001,104.27000000000001,NSW1 higher than VIC1,False,26,5.98,1.0,-206.37,206.37,False
2026-02-13 07:35:00,NSW1,100.01,100.01,-4.26,104.27000000000001,104.27000000000001,NSW1 higher than VIC1,False,19,4.89,3.0,-203.87,203.87,False
2026-02-13 07:35:00,VIC1,-4.26,100.01,-4.26,104.27000000000001,104.27000000000001,NSW1 higher than VIC1,False,19,4.89,3.0,-203.87,203.87,False
2026-02-27 14:10:00,VIC1,125.07149,21.02371,125.07149,-104.04777999999999,104.04777999999999,VIC1 higher than NSW1,False,28,5.23,3.0,-611.55,611.55,False
2026-02-27 14:10:00,NSW1,21.02371,21.02371,125.07149,-104.04777999999999,104.04777999999999,VIC1 higher than NSW1,False,28,5.23,3.0,-611.55,611.55,False
2026-02-05 16:40:00,NSW1,108.86946,108.86946,4.89,103.97946,103.97946,NSW1 higher than VIC1,False,21,4.34,2.0,-20.0,20.0,False
2026-02-05 16:40:00,VIC1,4.89,108.86946,4.89,103.97946,103.97946,NSW1 higher than VIC1,False,21,4.34,2.0,-20.0,20.0,False
2026-02-25 16:45:00,NSW1,99.0,99.0,-4.8159,103.8159,103.8159,NSW1 higher than VIC1,False,18,7.51,3.0,401.81,401.81,False
2026-02-25 16:45:00,VIC1,-4.8159,99.0,-4.8159,103.8159,103.8159,NSW1 higher than VIC1,False,18,7.51,3.0,401.81,401.81,False
2026-02-16 16:20:00,NSW1,36.07,36.07,139.69,-103.62,103.62,VIC1 higher than NSW1,False,18,7.39,4.0,-698.86,698.86,False
2026-02-16 16:20:00,VIC1,139.69,36.07,139.69,-103.62,103.62,VIC1 higher than NSW1,False,18,7.39,4.0,-698.86,698.86,False
2026-02-08 08:05:00,VIC1,-3.53,100.01,-3.53,103.54,103.54,NSW1 higher than VIC1,False,16,9.21,3.0,249.21,249.21,False
2026-02-08 08:05:00,NSW1,100.01,100.01,-3.53,103.54,103.54,NSW1 higher than VIC1,False,16,9.21,3.0,249.21,249.21,False
2026-02-12 14:05:00,VIC1,-34.1,69.12155,-34.1,103.22155000000001,103.22155000000001,NSW1 higher than VIC1,False,23,26.64025,1.0,-277.16,277.16,False
2026-02-12 14:05:00,NSW1,69.12155,69.12155,-34.1,103.22155000000001,103.22155000000001,NSW1 higher than VIC1,False,23,26.64025,1.0,-277.16,277.16,False
2026-02-17 16:50:00,NSW1,77.01019,77.01019,179.67868,-102.66849000000002,102.66849000000002,VIC1 higher than NSW1,False,14,18.52566,1.0,822.58,822.58,False
2026-02-17 16:50:00,VIC1,179.67868,77.01019,179.67868,-102.66849000000002,102.66849000000002,VIC1 higher than NSW1,False,14,18.52566,1.0,822.58,822.58,False
2026-02-02 07:15:00,VIC1,-12.06,90.35255,-12.06,102.41255,102.41255,NSW1 higher than VIC1,False,21,4.9,6.0,-346.38,346.38,True
2026-02-02 07:15:00,NSW1,90.35255,90.35255,-12.06,102.41255,102.41255,NSW1 higher than VIC1,False,21,4.9,6.0,-346.38,346.38,True
2026-02-19 15:30:00,NSW1,98.13442,98.13442,-4.25,102.38442,102.38442,NSW1 higher than VIC1,False,25,9.23,0.0,-204.71,204.71,False
2026-02-19 15:30:00,VIC1,-4.25,98.13442,-4.25,102.38442,102.38442,NSW1 higher than VIC1,False,25,9.23,0.0,-204.71,204.71,False
2026-02-25 12:20:00,VIC1,-3.2,99.0,-3.2,102.2,102.2,NSW1 higher than VIC1,False,23,4.56,2.0,148.17,148.17,False
2026-02-25 12:20:00,NSW1,99.0,99.0,-3.2,102.2,102.2,NSW1 higher than VIC1,False,23,4.56,2.0,148.17,148.17,False
2026-02-18 12:40:00,NSW1,82.04666,82.04666,-19.99,102.03666,102.03666,NSW1 higher than VIC1,False,20,14.47923,0.0,-378.91,378.91,False
2026-02-18 12:40:00,VIC1,-19.99,82.04666,-19.99,102.03666,102.03666,NSW1 higher than VIC1,False,20,14.47923,0.0,-378.91,378.91,False
2026-02-10 15:05:00,NSW1,110.73205,110.73205,8.95,101.78205,101.78205,NSW1 higher than VIC1,False,24,4.91,1.0,94.88,94.88,False
2026-02-10 15:05:00,VIC1,8.95,110.73205,8.95,101.78205,101.78205,NSW1 higher than VIC1,False,24,4.91,1.0,94.88,94.88,False
2026-02-18 13:00:00,NSW1,73.90388,73.90388,-27.71368,101.61756,101.61756,NSW1 higher than VIC1,False,22,7.97,0.0,-618.43,618.43,False
2026-02-18 13:00:00,VIC1,-27.71368,73.90388,-27.71368,101.61756,101.61756,NSW1 higher than VIC1,False,22,7.97,0.0,-618.43,618.43,False
2026-02-01 18:10:00,VIC1,-8.26733,92.99576,-8.26733,101.26309,101.26309,NSW1 higher than VIC1,False,20,4.61,1.0,613.91,613.91,False
2026-02-01 18:10:00,NSW1,92.99576,92.99576,-8.26733,101.26309,101.26309,NSW1 higher than VIC1,False,20,4.61,1.0,613.91,613.91,False
2026-02-27 14:25:00,NSW1,40.39031,40.39031,141.32534,-100.93503000000001,100.93503000000001,VIC1 higher than NSW1,False,22,6.58,4.0,-648.73,648.73,False
2026-02-27 14:25:00,VIC1,141.32534,40.39031,141.32534,-100.93503000000001,100.93503000000001,VIC1 higher than NSW1,False,22,6.58,4.0,-648.73,648.73,False
2026-02-05 13:40:00,VIC1,5.14688,105.90126,5.14688,100.75438,100.75438,NSW1 higher than VIC1,False,28,3.96,1.0,-528.94,528.94,True
2026-02-05 13:40:00,NSW1,105.90126,105.90126,5.14688,100.75438,100.75438,NSW1 higher than VIC1,False,28,3.96,1.0,-528.94,528.94,True
2026-02-01 18:25:00,NSW1,92.49153,92.49153,-7.80745,100.29898,100.29898,NSW1 higher than VIC1,False,19,4.15364,2.0,901.77,901.77,False
2026-02-01 18:25:00,VIC1,-7.80745,92.49153,-7.80745,100.29898,100.29898,NSW1 higher than VIC1,False,19,4.15364,2.0,901.77,901.77,False
2026-02-12 14:35:00,VIC1,-15.5,84.79,-15.5,100.29,100.29,NSW1 higher than VIC1,False,22,7.24472,0.0,-20.0,20.0,False
2026-02-12 14:35:00,NSW1,84.79,84.79,-15.5,100.29,100.29,NSW1 higher than VIC1,False,22,7.24472,0.0,-20.0,20.0,False
2026-02-25 18:35:00,VIC1,-0.1,100.02,-0.1,100.11999999999999,100.11999999999999,NSW1 higher than VIC1,False,21,9.9,1.0,1205.31,1205.31,True
2026-02-25 18:35:00,NSW1,100.02,100.02,-0.1,100.11999999999999,100.11999999999999,NSW1 higher than VIC1,False,21,9.9,1.0,1205.31,1205.31,True
2026-02-25 18:20:00,NSW1,100.01,100.01,-0.1,100.11,100.11,NSW1 higher than VIC1,False,24,12.43,3.0,1254.0,1254.0,True
2026-02-25 18:20:00,VIC1,-0.1,100.01,-0.1,100.11,100.11,NSW1 higher than VIC1,False,24,12.43,3.0,1254.0,1254.0,True
